1.0000000011154682,-0.8108344276063442,0.6413432868682668,-0.8108344276063526,0.6413432868682752,-0.16455456282990966,-0.16455456282993666,0.762157574027921,-0.8108377513444058,0.45060584274621895,-0.810837751344402,0.4506058427462036,-0.24944454294666185,-0.2494445429466414,0.6724839469770072,-0.3030394849017672,0.47926956728368714,-0.30303948490179344,0.4792695672836859,0.04512079696777352,0.045120796967789194,-0.14496364115320545,0.8173983129944536,-0.8108281360590578,0.4949094319914323,-0.8108281360590555,0.4949094319914125,-0.22971650604800795,-0.22971650604800467,0.6035608803711805,-0.8108365208595021,0.32342167559987933,-0.8108365208594976,0.32342167559988017,-0.3060454037228969,-0.3060454037228776,0.5228872905794988,-0.3542408169603819,0.3491613116109608,-0.3542408169603648,0.3491613116109663,-0.041197419767282945,-0.04119741976727424,-0.21209964752966629,0.6934068697141055,-0.3770965003668551,0.48138054840730876,-0.37709650036685494,0.48138054840732597,0.00496172897971534,0.00496172897971478,0.5528344277880206,-0.37709106921738794,0.36865127831833466,-0.37709106921738605,0.368651278318341,-0.045204501888547535,-0.045204501888558624,0.4998146486451561,-0.07693068870764806,0.3855831612650694,-0.0769306887076504,0.3855831612650696,0.12890733901966295,0.12890733901966425,0.016573198986543667,-0.14050247297273552
-0.8108344276063442,1.0000000011154682,-0.8108344276063509,0.6413432868682671,-0.16455456282991798,0.6413432868682615,-0.16455456282992792,-0.8108377513443977,0.7621575740279147,-0.8108377513444058,0.4506058427461958,-0.24944454294661603,0.4506058427462326,-0.24944454294665203,-0.30303948490176535,0.6724839469770015,-0.30303948490179067,0.4792695672836853,0.045120796967774664,0.47926956728368897,0.04512079696778021,-0.14496364115317986,-0.8108281360590592,0.8173983129944407,-0.8108281360590546,0.49490943199142545,-0.2297165060479922,0.4949094319914123,-0.22971650604800972,-0.8108365208594966,0.6035608803711786,-0.8108365208594999,0.3234216755998606,-0.3060454037228952,0.3234216755998735,-0.30604540372291333,-0.35424081696036447,0.5228872905795094,-0.35424081696039234,0.34916131161094244,-0.041197419767296704,0.34916131161095126,-0.04119741976728688,-0.21209964752965285,-0.3770965003668488,0.693406869714097,-0.37709650036686493,0.4813805484073067,0.004961728979721531,0.48138054840733285,0.004961728979716351,-0.37709106921737234,0.5528344277880306,-0.37709106921739594,0.36865127831831684,-0.04520450188854527,0.3686512783183277,-0.04520450188854588,-0.07693068870763371,0.4998146486451621,-0.07693068870764518,0.3855831612650686,0.12890733901966042,0.38558316126506653,0.12890733901967913,0.016573198986554093,-0.1405024729727378
0.6413432868682668,-0.8108344276063509,1.0000000011154686,-0.16455456282992953,-0.16455456282994083,-0.810834427606353,0.641343286868278,0.4506058427461987,-0.8108377513444025,0.7621575740279211,-0.24944454294662682,-0.2494445429466638,-0.8108377513444122,0.4506058427462277,0.47926956728365994,-0.3030394849017692,0.6724839469770182,0.04512079696776171,0.04512079696780532,-0.303039484901819,0.4792695672836738,-0.14496364115320434,0.4949094319914518,-0.8108281360590575,0.8173983129944397,-0.22971650604799948,-0.22971650604801436,-0.8108281360590526,0.49490943199143134,0.3234216755998823,-0.8108365208594959,0.6035608803711853,-0.3060454037228784,-0.30604540372287914,-0.810836520859499,0.32342167559990365,0.3491613116109342,-0.35424081696037696,0.5228872905795254,-0.04119741976728355,-0.04119741976725859,-0.35424081696039156,0.34916131161095243,-0.21209964752965085,0.4813805484073017,-0.3770965003668622,0.6934068697141127,0.004961728979728981,0.00496172897971097,-0.37709650036689357,0.48138054840731626,0.36865127831831707,-0.3770910692173949,0.5528344277880356,-0.04520450188854245,-0.0452045018885445,-0.37709106921740404,0.3686512783183299,0.38558316126504627,-0.0769306887076556,0.4998146486451498,0.1289073390196517,0.12890733901967402,-0.07693068870765869,0.3855831612650413,0.016573198986533838,-0.1405024729727319
-0.8108344276063526,0.6413432868682671,-0.16455456282992953,1.0000000011154686,-0.8108344276063553,-0.16455456282994801,0.6413432868682849,-0.8108377513444166,0.45060584274622145,-0.249444542946659,0.7621575740279125,-0.8108377513444065,-0.2494445429466252,0.4506058427462107,-0.3030394849017649,0.47926956728367265,0.045120796967772096,0.6724839469770273,-0.3030394849017832,0.04512079696779443,0.4792695672836759,-0.14496364115319718,-0.8108281360590567,0.4949094319914463,-0.22971650604800894,0.8173983129944511,-0.8108281360590488,-0.229716506047998,0.4949094319914297,-0.810836520859496,0.32342167559988755,-0.3060454037229071,0.6035608803711897,-0.8108365208594993,-0.30604540372288663,0.32342167559986973,-0.3542408169603607,0.3491613116109637,-0.041197419767283174,0.5228872905795102,-0.35424081696038073,-0.041197419767266034,0.3491613116109535,-0.21209964752964902,-0.3770965003668771,0.48138054840730965,0.004961728979723323,0.6934068697141015,-0.3770965003668809,0.004961728979704679,0.4813805484073132,-0.3770910692173909,0.36865127831831696,-0.04520450188856658,0.5528344277880202,-0.37709106921740926,-0.04520450188856197,0.3686512783183302,-0.07693068870764887,0.38558316126506065,0.12890733901965126,0.49981464864515673,-0.07693068870765331,0.12890733901966978,0.385583161265055,0.01657319898653052,-0.14050247297272822
0.6413432868682752,-0.16455456282991798,-0.16455456282994083,-0.8108344276063553,1.0000000011154686,0.6413432868683009,-0.810834427606361,0.45060584274623006,-0.24944454294665233,-0.24944454294664556,-0.8108377513444124,0.7621575740279304,0.45060584274619886,-0.8108377513444166,0.4792695672836695,0.045120796967797944,0.045120796967813896,-0.3030394849017692,0.6724839469770286,0.47926956728368847,-0.30303948490178906,-0.14496364115320498,0.49490943199143733,-0.22971650604799876,-0.22971650604799312,-0.8108281360590541,0.8173983129944388,0.49490943199142484,-0.8108281360590561,0.3234216755998678,-0.306045403722905,-0.30604540372288347,-0.810836520859505,0.6035608803711888,0.3234216755998734,-0.8108365208595026,0.34916131161095004,-0.04119741976727255,-0.041197419767258416,-0.35424081696034415,0.5228872905795345,0.3491613116109631,-0.35424081696037246,-0.21209964752967125,0.4813805484073227,0.004961728979715737,0.004961728979685347,-0.37709650036687636,0.6934068697141134,0.48138054840733085,-0.3770965003668846,0.3686512783183103,-0.04520450188855326,-0.04520450188855611,-0.3770910692174061,0.5528344277880366,0.3686512783183226,-0.3770910692174267,0.38558316126506115,0.1289073390196646,0.1289073390196784,-0.0769306887076473,0.4998146486451556,0.385583161265055,-0.07693068870764483,0.01657319898653844,-0.140502472972723
-0.16455456282990966,0.6413432868682615,-0.810834427606353,-0.16455456282994801,0.6413432868683009,1.0000000011154686,-0.8108344276063602,-0.2494445429466051,0.45060584274620047,-0.8108377513444037,-0.24944454294667065,0.4506058427462511,0.7621575740279244,-0.8108377513444168,0.04512079696779976,0.47926956728365167,-0.3030394849017731,0.04512079696780191,0.47926956728366166,0.6724839469770447,-0.3030394849018019,-0.1449636411531833,-0.22971650604800065,0.49490943199142545,-0.8108281360590487,-0.22971650604801563,0.49490943199144216,0.8173983129944223,-0.81082813605906,-0.30604540372288375,0.3234216755998572,-0.8108365208594915,-0.3060454037229151,0.3234216755998816,0.6035608803711873,-0.8108365208595107,-0.0411974197672647,0.3491613116109361,-0.3542408169603789,-0.04119741976726486,0.34916131161094194,0.5228872905795255,-0.3542408169603895,-0.212099647529659,0.004961728979740277,0.4813805484073051,-0.3770965003668875,0.004961728979694858,0.4813805484073305,0.6934068697141289,-0.37709650036688197,-0.0452045018885372,0.36865127831832045,-0.3770910692173957,-0.0452045018885656,0.368651278318337,0.5528344277880347,-0.3770910692174156,0.12890733901967874,0.3855831612650549,-0.07693068870763856,0.12890733901966958,0.38558316126505027,0.49981464864515873,-0.07693068870763946,0.01657319898655311,-0.14050247297272922
-0.16455456282993666,-0.16455456282992792,0.641343286868278,0.6413432868682849,-0.810834427606361,-0.8108344276063602,1.0000000011154686,-0.24944454294667218,-0.24944454294662982,0.45060584274620585,0.450605842746228,-0.8108377513444182,-0.8108377513444047,0.7621575740279349,0.04512079696779454,0.04512079696780356,0.4792695672836569,0.4792695672836587,-0.3030394849017724,-0.3030394849018061,0.6724839469770334,-0.14496364115320304,-0.22971650604799784,-0.22971650604799868,0.49490943199142134,0.4949094319914402,-0.8108281360590582,-0.8108281360590539,0.8173983129944421,-0.30604540372288985,-0.30604540372287986,0.32342167559985885,0.3234216755998878,-0.8108365208594999,-0.8108365208594995,0.6035608803712033,-0.04119741976727907,-0.04119741976726707,0.34916131161094477,0.3491613116109329,-0.3542408169603746,-0.3542408169603872,0.5228872905795225,-0.21209964752965169,0.004961728979703684,0.0049617289797238276,0.4813805484073398,0.4813805484073341,-0.37709650036687725,-0.3770965003668906,0.6934068697141162,-0.04520450188854628,-0.04520450188854674,0.3686512783183251,0.3686512783183332,-0.3770910692173982,-0.3770910692174033,0.5528344277880509,0.128907339019664,0.12890733901967158,0.3855831612650493,0.38558316126505676,-0.0769306887076392,-0.07693068870764594,0.49981464864515174,0.016573198986534605,-0.1405024729727393
0.762157574027921,-0.8108377513443977,0.4506058427461987,-0.8108377513444166,0.45060584274623006,-0.2494445429466051,-0.24944454294667218,0.9999999982978186,-0.36640201498426506,0.7293654003171167,-0.3664020149842662,0.7293654003171265,0.12126036231926078,0.1212603623192398,0.036570307265128395,-0.8108307689864859,-0.13126709426810274,-0.8108307689864985,-0.13126709426809546,-0.5083943122542817,-0.5083943122542963,0.5259987488171858,0.6035348248402247,-0.8108336307780601,0.323401969781824,-0.8108336307780672,0.3234019697818428,-0.3060508418654405,-0.30605084186548076,0.8173580221042057,-0.4112729363713907,0.5740125926082407,-0.4112729363714173,0.5740125926082565,0.027220375872996187,0.027220375872965517,-0.048913236356209026,-0.8108363357753543,-0.19982186408868308,-0.8108363357753573,-0.19982186408866565,-0.5389104726285916,-0.5389104726286051,0.39113632674283233,0.5528862380448403,-0.3770161031193824,0.3687076748734526,-0.3770161031193986,0.3687076748734817,-0.04513780001459115,-0.045137800014606454,0.6934270648472609,-0.11436104739439945,0.5334347223467459,-0.11436104739440343,0.533434722346758,0.17393519199711205,0.17393519199707158,0.12395524157892449,-0.3770397624570399,0.02472703672910198,-0.37703976245704374,0.024727036729115658,-0.19823671568195572,-0.1982367156819689,0.4132059073498293,-0.14055039067694886
-0.8108377513444058,0.7621575740279147,-0.8108377513444025,0.45060584274622145,-0.24944454294665233,0.45060584274620047,-0.24944454294662982,-0.36640201498426506,0.9999999982978186,-0.3664020149842596,0.7293654003171289,0.12126036231926743,0.7293654003171414,0.12126036231926404,-0.8108307689864902,0.0365703072651233,-0.8108307689864918,-0.13126709426809466,-0.5083943122543121,-0.1312670942680973,-0.5083943122542876,0.5259987488172152,-0.8108336307780725,0.6035348248402082,-0.8108336307780664,0.3234019697818342,-0.3060508418654681,0.32340196978181457,-0.30605084186546355,-0.4112729363714105,0.8173580221042168,-0.41127293637141515,0.5740125926082446,0.027220375872949402,0.574012592608242,0.027220375872955418,-0.810836335775356,-0.04891323635620911,-0.8108363357753628,-0.19982186408870986,-0.5389104726286343,-0.1998218640886977,-0.5389104726286107,0.39113632674284127,-0.37701610311937395,0.5528862380448455,-0.3770161031193814,0.36870767487347156,-0.045137800014585894,0.3687076748734763,-0.04513780001457354,-0.11436104739437858,0.6934270648472823,-0.11436104739439562,0.5334347223467613,0.1739351919970935,0.5334347223467645,0.17393519199711316,-0.377039762457029,0.1239552415789466,-0.37703976245703363,0.024727036729128106,-0.19823671568196377,0.0247270367291196,-0.19823671568193518,0.4132059073498537,-0.14055039067696606
0.45060584274621895,-0.8108377513444058,0.7621575740279211,-0.249444542946659,-0.24944454294664556,-0.8108377513444037,0.45060584274620585,0.7293654003171167,-0.3664020149842596,0.9999999982978186,0.12126036231927191,0.1212603623192523,-0.366402014984259,0.7293654003171329,-0.13126709426813116,-0.8108307689864931,0.03657030726513909,-0.5083943122543202,-0.5083943122542749,-0.8108307689865047,-0.13126709426812327,0.5259987488171985,0.3234019697818589,-0.8108336307780664,0.6035348248401938,-0.30605084186548076,-0.30605084186546283,-0.8108336307780563,0.3234019697818194,0.5740125926082663,-0.4112729363713865,0.8173580221041956,0.027220375872982254,0.02722037587298782,-0.41127293637140017,0.5740125926082518,-0.19982186408871305,-0.810836335775361,-0.048913236356200714,-0.538910472628636,-0.5389104726285916,-0.8108363357753624,-0.19982186408870353,0.39113632674284743,0.3687076748734706,-0.37701610311938266,0.5528862380448535,-0.045137800014582,-0.04513780001458005,-0.3770161031194154,0.36870767487346784,0.5334347223467585,-0.11436104739439557,0.693427064847283,0.1739351919971117,0.1739351919971096,-0.11436104739439007,0.5334347223467539,0.02472703672909504,-0.3770397624570422,0.12395524157892476,-0.19823671568196843,-0.19823671568194598,-0.3770397624570385,0.024727036729092444,0.41320590734983914,-0.14055039067696026
-0.810837751344402,0.4506058427461958,-0.24944454294662682,0.7621575740279125,-0.8108377513444124,-0.24944454294667065,0.450605842746228,-0.3664020149842662,0.7293654003171289,0.12126036231927191,0.9999999982978186,-0.36640201498425856,0.12126036231928132,0.7293654003171413,-0.8108307689864919,-0.1312670942681441,-0.5083943122543058,0.03657030726512953,-0.8108307689865026,-0.5083943122542982,-0.13126709426812358,0.5259987488172201,-0.810833630778062,0.32340196978183045,-0.3060508418654683,0.6035348248401938,-0.8108336307780593,-0.30605084186547293,0.32340196978183056,-0.4112729363713861,0.5740125926082729,0.027220375872979884,0.8173580221042025,-0.4112729363714194,0.027220375872983746,0.5740125926082416,-0.8108363357753577,-0.19982186408871075,-0.5389104726286225,-0.048913236356241986,-0.8108363357753677,-0.5389104726286195,-0.19982186408870753,0.3911363267428596,-0.3770161031193825,0.3687076748734661,-0.04513780001456139,0.5528862380448353,-0.37701610311939865,-0.04513780001460523,0.36870767487347833,-0.11436104739437351,0.5334347223467533,0.17393519199710877,0.6934270648472791,-0.11436104739440715,0.17393519199710694,0.5334347223467722,-0.37703976245704085,0.02472703672910247,-0.19823671568197215,0.12395524157893476,-0.37703976245704374,-0.19823671568195683,0.02472703672910638,0.4132059073498486,-0.1405503906769619
0.4506058427462036,-0.24944454294661603,-0.2494445429466638,-0.8108377513444065,0.7621575740279304,0.4506058427462511,-0.8108377513444182,0.7293654003171265,0.12126036231926743,0.1212603623192523,-0.36640201498425856,0.9999999982978186,0.7293654003171327,-0.3664020149842799,-0.13126709426813696,-0.5083943122542838,-0.5083943122542744,-0.8108307689864868,0.03657030726513779,-0.13126709426809566,-0.8108307689864996,0.5259987488172018,0.3234019697818254,-0.3060508418654496,-0.30605084186547843,-0.810833630778064,0.6035348248401972,0.3234019697818383,-0.8108336307780684,0.5740125926082369,0.027220375872999875,0.027220375872973657,-0.41127293637141416,0.8173580221041881,0.574012592608259,-0.41127293637143375,-0.19982186408871289,-0.5389104726286059,-0.5389104726286055,-0.8108363357753519,-0.04891323635619852,-0.19982186408868577,-0.8108363357753601,0.39113632674283133,0.36870767487347933,-0.045137800014567915,-0.04513780001461127,-0.37701610311939254,0.5528862380448524,0.36870767487348705,-0.377016103119403,0.5334347223467456,0.1739351919971164,0.17393519199709845,-0.11436104739439187,0.6934270648472796,0.5334347223467737,-0.11436104739442368,0.024727036729101873,-0.19823671568195092,-0.19823671568195306,-0.3770397624570261,0.1239552415789351,0.02472703672911368,-0.37703976245703014,0.4132059073498473,-0.14055039067695613
-0.24944454294666185,0.4506058427462326,-0.8108377513444122,-0.2494445429466252,0.45060584274619886,0.7621575740279244,-0.8108377513444047,0.12126036231926078,0.7293654003171414,-0.366402014984259,0.12126036231928132,0.7293654003171327,0.9999999982978186,-0.36640201498425634,-0.5083943122543122,-0.1312670942681337,-0.8108307689864931,-0.5083943122542635,-0.13126709426815616,0.03657030726515718,-0.8108307689864985,0.525998748817224,-0.30605084186549747,0.3234019697818507,-0.8108336307780687,-0.30605084186545123,0.32340196978181157,0.6035348248401822,-0.8108336307780604,0.027220375872965608,0.5740125926082744,-0.41127293637140844,0.027220375872991726,0.5740125926082161,0.8173580221042014,-0.41127293637142553,-0.5389104726286275,-0.19982186408870806,-0.810836335775366,-0.5389104726286014,-0.19982186408873198,-0.04891323635620635,-0.8108363357753618,0.39113632674284415,-0.04513780001457673,0.3687076748734855,-0.37701610311940625,-0.04513780001457964,0.3687076748734679,0.5528862380448548,-0.37701610311938527,0.1739351919971068,0.5334347223467742,-0.11436104739439615,0.17393519199712207,0.5334347223467473,0.6934270648472919,-0.11436104739439915,-0.19823671568196266,0.024727036729113708,-0.37703976245703524,-0.1982367156819375,0.024727036729089134,0.12395524157893895,-0.3770397624570185,0.4132059073498622,-0.14055039067696135
-0.2494445429466414,-0.24944454294665203,0.4506058427462277,0.4506058427462107,-0.8108377513444166,-0.8108377513444168,0.7621575740279349,0.1212603623192398,0.12126036231926404,0.7293654003171329,0.7293654003171413,-0.3664020149842799,-0.36640201498425634,0.9999999982978186,-0.508394312254292,-0.5083943122542942,-0.13126709426812858,-0.13126709426813904,-0.8108307689864925,-0.8108307689865041,0.03657030726514527,0.525998748817202,-0.3060508418654484,-0.30605084186546594,0.323401969781829,0.32340196978183067,-0.8108336307780631,-0.8108336307780609,0.6035348248402022,0.02722037587300082,0.02722037587300899,0.5740125926082432,0.5740125926082594,-0.41127293637141477,-0.41127293637140644,0.8173580221042085,-0.5389104726286101,-0.5389104726286079,-0.19982186408869987,-0.19982186408873173,-0.8108363357753579,-0.8108363357753636,-0.04891323635620074,0.39113632674285453,-0.04513780001459128,-0.04513780001458586,0.36870767487349515,0.36870767487347395,-0.3770161031194025,-0.3770161031194274,0.5528862380448458,0.1739351919971117,0.1739351919970993,0.5334347223467565,0.5334347223467593,-0.11436104739441037,-0.11436104739440212,0.6934270648472884,-0.19823671568196996,-0.1982367156819635,0.024727036729088762,0.024727036729098706,-0.37703976245703613,-0.3770397624570406,0.12395524157892521,0.4132059073498337,-0.1405503906769577
0.6724839469770072,-0.30303948490176535,0.47926956728365994,-0.3030394849017649,0.4792695672836695,0.04512079696779976,0.04512079696779454,0.036570307265128395,-0.8108307689864902,-0.13126709426813116,-0.8108307689864919,-0.13126709426813696,-0.5083943122543122,-0.508394312254292,1.0000000014097175,0.47447347482992486,0.8959146189563258,0.4744734748299044,0.895914618956333,0.6620324288271439,0.6620324288271633,-0.8108374224596766,0.5228420106192605,-0.3543033769824443,0.3491126091225287,-0.35430337698242953,0.34911260912250347,-0.04125381260669805,-0.04125381260668127,-0.04887917937712289,-0.8108354807216861,-0.19979420070860737,-0.8108354807216727,-0.1997942007085989,-0.5388971755350888,-0.5388971755350557,0.8173252291903592,0.3448036930730437,0.7237365438660024,0.3448036930730672,0.7237365438660049,0.5134446768033891,0.5134446768033984,-0.8108353675070697,0.4997970709928147,-0.07689850099540489,0.38557544025349794,-0.07689850099539523,0.38557544025350937,0.1289217656789291,0.12892176567892336,0.1239863634709948,-0.3769778841606143,0.024764250304263782,-0.3769778841606166,0.024764250304275887,-0.19818581421917322,-0.19818581421916473,0.6934374133982847,0.3827363991243766,0.6318992670234693,0.3827363991243727,0.6318992670234643,0.49362430726864437,0.4936243072686489,-0.37696226693876767,-0.14058007517916954
-0.3030394849017672,0.6724839469770015,-0.3030394849017692,0.47926956728367265,0.045120796967797944,0.47926956728365167,0.04512079696780356,-0.8108307689864859,0.0365703072651233,-0.8108307689864931,-0.1312670942681441,-0.5083943122542838,-0.1312670942681337,-0.5083943122542942,0.47447347482992486,1.0000000014097175,0.4744734748299029,0.8959146189563314,0.662032428827156,0.8959146189563186,0.6620324288271614,-0.8108374224596704,-0.35430337698244607,0.5228420106192548,-0.35430337698242903,0.34911260912253156,-0.04125381260668888,0.349112609122497,-0.041253812606679506,-0.810835480721676,-0.0488791793771378,-0.8108354807216711,-0.1997942007086167,-0.5388971755350741,-0.19979420070862358,-0.5388971755350717,0.34480369307305314,0.8173252291903661,0.34480369307303915,0.723736543866011,0.5134446768033856,0.7237365438659923,0.5134446768033952,-0.8108353675070659,-0.07689850099540484,0.49979707099280946,-0.07689850099541114,0.3855754402535086,0.1289217656789214,0.3855754402535171,0.1289217656789256,-0.37697788416061084,0.1239863634710012,-0.376977884160619,0.024764250304251053,-0.19818581421915515,0.024764250304245634,-0.1981858142191573,0.38273639912438956,0.6934374133982821,0.3827363991243842,0.6318992670234596,0.4936243072686461,0.6318992670234556,0.493624307268658,-0.37696226693876406,-0.14058007517916934
0.47926956728368714,-0.30303948490179067,0.6724839469770182,0.045120796967772096,0.045120796967813896,-0.3030394849017731,0.4792695672836569,-0.13126709426810274,-0.8108307689864918,0.03657030726513909,-0.5083943122543058,-0.5083943122542744,-0.8108307689864931,-0.13126709426812858,0.8959146189563258,0.4744734748299029,1.0000000014097175,0.6620324288271239,0.662032428827179,0.4744734748298724,0.8959146189563053,-0.8108374224596687,0.34911260912254566,-0.35430337698246983,0.5228420106192605,-0.04125381260670717,-0.041253812606684724,-0.35430337698245334,0.3491126091225023,-0.19979420070859522,-0.8108354807216901,-0.04887917937710369,-0.5388971755350941,-0.538897175535043,-0.8108354807216761,-0.19979420070859438,0.7237365438659854,0.34480369307301945,0.8173252291903607,0.5134446768033772,0.5134446768034014,0.3448036930730181,0.7237365438659737,-0.8108353675070638,0.3855754402535207,-0.07689850099540987,0.49979707099283444,0.12892176567893093,0.12892176567894456,-0.07689850099540367,0.38557544025350815,0.024764250304281345,-0.3769778841606126,0.12398636347102662,-0.19818581421916123,-0.19818581421912249,-0.3769778841606156,0.02476425030427213,0.6318992670234713,0.38273639912437185,0.6934374133982903,0.49362430726863643,0.4936243072686689,0.38273639912437324,0.6318992670234479,-0.37696226693875323,-0.14058007517918245
-0.30303948490179344,0.4792695672836853,0.04512079696776171,0.6724839469770273,-0.3030394849017692,0.04512079696780191,0.4792695672836587,-0.8108307689864985,-0.13126709426809466,-0.5083943122543202,0.03657030726512953,-0.8108307689864868,-0.5083943122542635,-0.13126709426813904,0.4744734748299044,0.8959146189563314,0.6620324288271239,1.0000000014097175,0.4744734748299047,0.6620324288271573,0.8959146189563041,-0.8108374224596668,-0.3543033769824633,0.34911260912254566,-0.04125381260671071,0.5228420106192732,-0.35430337698244035,-0.041253812606675766,0.34911260912250497,-0.8108354807216794,-0.19979420070860293,-0.5388971755351021,-0.0488791793771004,-0.8108354807216653,-0.5388971755350602,-0.19979420070860857,0.3448036930730324,0.7237365438660036,0.513444676803366,0.8173252291903692,0.34480369307303244,0.5134446768033961,0.7237365438659775,-0.8108353675070614,-0.07689850099542554,0.38557544025351775,0.12892176567891028,0.49979707099283005,-0.0768985009954111,0.1289217656789417,0.3855754402534984,-0.376977884160619,0.024764250304276068,-0.1981858142191775,0.12398636347100664,-0.37697788416060496,-0.19818581421915937,0.024764250304265174,0.38273639912437435,0.6318992670234643,0.49362430726863765,0.6934374133982766,0.3827363991243737,0.49362430726865414,0.631899267023447,-0.3769622669387615,-0.14058007517917154
0.4792695672836859,0.045120796967774664,0.04512079696780532,-0.3030394849017832,0.6724839469770286,0.47926956728366166,-0.3030394849017724,-0.13126709426809546,-0.5083943122543121,-0.5083943122542749,-0.8108307689865026,0.03657030726513779,-0.13126709426815616,-0.8108307689864925,0.895914618956333,0.662032428827156,0.662032428827179,0.4744734748299047,1.0000000014097175,0.8959146189563081,0.47447347482990426,-0.810837422459672,0.3491126091225384,-0.04125381260670848,-0.041253812606657246,-0.3543033769824455,0.5228420106192482,0.34911260912249037,-0.35430337698243486,-0.19979420070860632,-0.5388971755351252,-0.5388971755350546,-0.8108354807216809,-0.04887917937709517,-0.1997942007086312,-0.8108354807216671,0.7237365438660003,0.5134446768033806,0.5134446768034082,0.3448036930730633,0.8173252291903733,0.7237365438659854,0.3448036930730427,-0.8108353675070697,0.38557544025352186,0.12892176567891073,0.12892176567891928,-0.07689850099541216,0.4997970709928285,0.3855754402535155,-0.07689850099541067,0.024764250304265514,-0.19818581421917114,-0.198185814219149,-0.37697788416062883,0.12398636347102553,0.024764250304245446,-0.3769778841606231,0.6318992670234733,0.4936243072686446,0.49362430726867196,0.382736399124371,0.6934374133982829,0.6318992670234475,0.3827363991243803,-0.37696226693876184,-0.14058007517916843
0.04512079696777352,0.47926956728368897,-0.303039484901819,0.04512079696779443,0.47926956728368847,0.6724839469770447,-0.3030394849018061,-0.5083943122542817,-0.1312670942680973,-0.8108307689865047,-0.5083943122542982,-0.13126709426809566,0.03657030726515718,-0.8108307689865041,0.6620324288271439,0.8959146189563186,0.4744734748298724,0.6620324288271573,0.8959146189563081,1.0000000014097175,0.4744734748298692,-0.8108374224596613,-0.041253812606704486,0.3491126091225507,-0.3543033769824594,-0.04125381260667174,0.3491126091225306,0.5228420106192687,-0.35430337698246,-0.5388971755350865,-0.199794200708602,-0.810835480721677,-0.5388971755350709,-0.19979420070857762,-0.048879179377077774,-0.810835480721676,0.5134446768033829,0.7237365438659982,0.34480369307301534,0.5134446768034131,0.7237365438659873,0.8173252291903768,0.3448036930730181,-0.8108353675070575,0.12892176567890726,0.38557544025350754,-0.0768985009954572,0.1289217656789128,0.385575440253507,0.49979707099284787,-0.0768985009954415,-0.19818581421917536,0.024764250304270607,-0.3769778841606425,-0.19818581421917442,0.024764250304275533,0.12398636347100953,-0.37697788416064254,0.49362430726863754,0.6318992670234487,0.3827363991243568,0.4936243072686346,0.6318992670234385,0.6934374133982698,0.38273639912435414,-0.37696226693876106,-0.1405800751791551
0.045120796967789194,0.04512079696778021,0.4792695672836738,0.4792695672836759,-0.30303948490178906,-0.3030394849018019,0.6724839469770334,-0.5083943122542963,-0.5083943122542876,-0.13126709426812327,-0.13126709426812358,-0.8108307689864996,-0.8108307689864985,0.03657030726514527,0.6620324288271633,0.6620324288271614,0.8959146189563053,0.8959146189563041,0.47447347482990426,0.4744734748298692,1.0000000014097175,-0.8108374224596709,-0.04125381260667594,-0.041253812606689116,0.3491126091225367,0.3491126091225397,-0.35430337698245307,-0.35430337698245734,0.5228420106192715,-0.5388971755350712,-0.538897175535091,-0.19979420070859868,-0.19979420070859458,-0.8108354807216668,-0.8108354807216779,-0.04887917937707008,0.5134446768033941,0.5134446768033941,0.7237365438659951,0.7237365438659994,0.3448036930730402,0.34480369307302633,0.8173252291903738,-0.8108353675070591,0.12892176567890593,0.12892176567890976,0.3855754402535123,0.3855754402535134,-0.07689850099542919,-0.07689850099543181,0.499797070992821,-0.19818581421916676,-0.19818581421917192,0.02476425030425989,0.024764250304254994,-0.3769778841606195,-0.37697788416064537,0.12398636347101753,0.49362430726864365,0.49362430726863654,0.6318992670234485,0.6318992670234405,0.38273639912436613,0.38273639912435564,0.6934374133982658,-0.3769622669387749,-0.14058007517916116
-0.14496364115320545,-0.14496364115317986,-0.14496364115320434,-0.14496364115319718,-0.14496364115320498,-0.1449636411531833,-0.14496364115320304,0.5259987488171858,0.5259987488172152,0.5259987488171985,0.5259987488172201,0.5259987488172018,0.525998748817224,0.525998748817202,-0.8108374224596766,-0.8108374224596704,-0.8108374224596687,-0.8108374224596668,-0.810837422459672,-0.8108374224596613,-0.8108374224596709,0.9999999963028685,-0.2120693356856944,-0.21206933568567315,-0.21206933568570946,-0.21206933568569308,-0.21206933568568925,-0.21206933568567846,-0.21206933568569925,0.39114730651996266,0.39114730652000357,0.39114730651994606,0.3911473065199652,0.39114730651993934,0.39114730651997354,0.39114730651993684,-0.8108321141799177,-0.8108321141799114,-0.810832114179914,-0.8108321141799203,-0.8108321141799141,-0.8108321141799093,-0.8108321141799134,0.8173283936899541,0.01663632016016154,0.01663632016017392,0.016636320160157224,0.016636320160158147,0.016636320160158816,0.01663632016015018,0.016636320160155763,0.4131477604332145,0.4131477604332225,0.4131477604332069,0.41314776043322365,0.4131477604332004,0.4131477604332299,0.41314776043320517,-0.377026139410548,-0.37702613941053137,-0.3770261394105473,-0.3770261394105272,-0.37702613941053775,-0.3770261394105278,-0.3770261394105337,0.6933528910046248,-0.1405141099461494
0.8173983129944536,-0.8108281360590592,0.4949094319914518,-0.8108281360590567,0.49490943199143733,-0.22971650604800065,-0.22971650604799784,0.6035348248402247,-0.8108336307780725,0.3234019697818589,-0.810833630778062,0.3234019697818254,-0.30605084186549747,-0.3060508418654484,0.5228420106192605,-0.35430337698244607,0.34911260912254566,-0.3543033769824633,0.3491126091225384,-0.041253812606704486,-0.04125381260667594,-0.2120693356856944,1.0000000007816399,-0.46401847670166785,0.7100340686258836,-0.4640184767016483,0.7100340686258549,0.058484061098491615,0.058484061098504875,0.8077582032489268,-0.46400434217416214,0.5558700339838611,-0.46400434217412695,0.5558700339838492,-0.010117544772574125,-0.010117544772531933,0.7351973407636365,-0.053475539010115994,0.578991004486351,-0.05347553901009579,0.578991004486344,0.22799855289977997,0.22799855289980028,0.07440434897291535,0.15169984642181658,-0.8108405089697307,-0.03894437973247271,-0.8108405089697263,-0.03894437973247413,-0.46731806746768645,-0.46731806746767723,0.0253102558401036,-0.8108349694089806,-0.1402986826353147,-0.8108349694089747,-0.14029868263532705,-0.5124185895829725,-0.5124185895829618,-0.022393115842308447,-0.5409757504110984,-0.12510476661727848,-0.5409757504110988,-0.12510476661728742,-0.3558957509728475,-0.35589575097283993,-0.45687981365750246,0.455513090297113
-0.8108281360590578,0.8173983129944407,-0.8108281360590575,0.4949094319914463,-0.22971650604799876,0.49490943199142545,-0.22971650604799868,-0.8108336307780601,0.6035348248402082,-0.8108336307780664,0.32340196978183045,-0.3060508418654496,0.3234019697818507,-0.30605084186546594,-0.3543033769824443,0.5228420106192548,-0.35430337698246983,0.34911260912254566,-0.04125381260670848,0.3491126091225507,-0.041253812606689116,-0.21206933568567315,-0.46401847670166785,1.0000000007816399,-0.4640184767016384,0.7100340686258713,0.05848406109850597,0.7100340686258764,0.05848406109849841,-0.4640043421741362,0.8077582032489231,-0.4640043421741239,0.5558700339838442,-0.010117544772556641,0.555870033983846,-0.01011754477256533,-0.05347553901008994,0.7351973407636473,-0.053475539010120705,0.5789910044863407,0.22799855289977203,0.5789910044863442,0.22799855289979093,0.07440434897293223,-0.8108405089697323,0.15169984642180326,-0.8108405089697323,-0.03894437973249373,-0.4673180674676993,-0.038944379732459684,-0.4673180674676884,-0.8108349694089793,0.025310255840109035,-0.8108349694089838,-0.14029868263534476,-0.5124185895829853,-0.1402986826353358,-0.5124185895829639,-0.5409757504110912,-0.022393115842313495,-0.540975750411098,-0.12510476661729633,-0.3558957509728551,-0.12510476661729764,-0.35589575097283754,-0.45687981365750185,0.45551309029712217
0.4949094319914323,-0.8108281360590546,0.8173983129944397,-0.22971650604800894,-0.22971650604799312,-0.8108281360590487,0.49490943199142134,0.323401969781824,-0.8108336307780664,0.6035348248401938,-0.3060508418654683,-0.30605084186547843,-0.8108336307780687,0.323401969781829,0.3491126091225287,-0.35430337698242903,0.5228420106192605,-0.04125381260671071,-0.041253812606657246,-0.3543033769824594,0.3491126091225367,-0.21206933568570946,0.7100340686258836,-0.4640184767016384,1.0000000007816399,0.058484061098488034,0.058484061098513784,-0.46401847670158913,0.7100340686258663,0.5558700339838423,-0.4640043421741317,0.8077582032489299,-0.010117544772551218,-0.010117544772525177,-0.46400434217411013,0.5558700339838584,0.578991004486348,-0.05347553901008365,0.7351973407636585,0.22799855289980028,0.22799855289983204,-0.05347553901009129,0.578991004486348,0.0744043489729254,-0.0389443797325138,-0.8108405089697353,0.15169984642180992,-0.4673180674677018,-0.46731806746769816,-0.8108405089697354,-0.03894437973249702,-0.14029868263536702,-0.8108349694089875,0.025310255840096732,-0.5124185895829895,-0.5124185895829807,-0.8108349694089856,-0.14029868263534823,-0.12510476661731304,-0.5409757504111073,-0.022393115842327914,-0.3558957509728677,-0.3558957509728345,-0.5409757504111056,-0.12510476661732883,-0.4568798136575338,0.4555130902971352
-0.8108281360590555,0.49490943199142545,-0.22971650604799948,0.8173983129944511,-0.8108281360590541,-0.22971650604801563,0.4949094319914402,-0.8108336307780672,0.3234019697818342,-0.30605084186548076,0.6035348248401938,-0.810833630778064,-0.30605084186545123,0.32340196978183067,-0.35430337698242953,0.34911260912253156,-0.04125381260670717,0.5228420106192732,-0.3543033769824455,-0.04125381260667174,0.3491126091225397,-0.21206933568569308,-0.4640184767016483,0.7100340686258713,0.058484061098488034,1.0000000007816399,-0.4640184767016084,0.05848406109852098,0.7100340686258693,-0.46400434217412806,0.555870033983834,-0.010117544772568652,0.8077582032489353,-0.464004342174115,-0.010117544772549416,0.5558700339838364,-0.053475539010076276,0.5789910044863558,0.2279985528997903,0.7351973407636393,-0.053475539010103296,0.2279985528998113,0.578991004486343,0.07440434897292879,-0.8108405089697373,-0.03894437973249834,-0.46731806746768373,0.1516998464218043,-0.8108405089697348,-0.4673180674676886,-0.03894437973248273,-0.8108349694089808,-0.14029868263535167,-0.5124185895829904,0.025310255840095525,-0.8108349694089868,-0.5124185895829828,-0.14029868263532796,-0.5409757504110927,-0.12510476661729858,-0.355895750972853,-0.02239311584231997,-0.5409757504110967,-0.35589575097283743,-0.1251047666173064,-0.45687981365752145,0.45551309029712533
0.4949094319914125,-0.2297165060479922,-0.22971650604801436,-0.8108281360590488,0.8173983129944388,0.49490943199144216,-0.8108281360590582,0.3234019697818428,-0.3060508418654681,-0.30605084186546283,-0.8108336307780593,0.6035348248401972,0.32340196978181157,-0.8108336307780631,0.34911260912250347,-0.04125381260668888,-0.041253812606684724,-0.35430337698244035,0.5228420106192482,0.3491126091225306,-0.35430337698245307,-0.21206933568568925,0.7100340686258549,0.05848406109850597,0.058484061098513784,-0.4640184767016084,1.0000000007816399,0.7100340686258836,-0.46401847670160173,0.5558700339838286,-0.010117544772560091,-0.01011754477252613,-0.464004342174097,0.8077582032489442,0.5558700339838509,-0.4640043421740945,0.5789910044863413,0.22799855289981028,0.22799855289981458,-0.0534755390100567,0.7351973407636496,0.5789910044863511,-0.053475539010084595,0.07440434897293448,-0.03894437973252198,-0.467318067467719,-0.46731806746774024,-0.8108405089697412,0.15169984642178522,-0.038944379732487606,-0.8108405089697402,-0.140298682635389,-0.5124185895829962,-0.5124185895829975,-0.8108349694089882,0.025310255840080887,-0.14029868263536216,-0.8108349694089927,-0.1251047666173305,-0.3558957509728703,-0.3558957509728568,-0.5409757504111188,-0.022393115842351586,-0.12510476661733463,-0.5409757504111175,-0.4568798136575277,0.45551309029715764
-0.22971650604800795,0.4949094319914123,-0.8108281360590526,-0.229716506047998,0.49490943199142484,0.8173983129944223,-0.8108281360590539,-0.3060508418654405,0.32340196978181457,-0.8108336307780563,-0.30605084186547293,0.3234019697818383,0.6035348248401822,-0.8108336307780609,-0.04125381260669805,0.349112609122497,-0.35430337698245334,-0.041253812606675766,0.34911260912249037,0.5228420106192687,-0.35430337698245734,-0.21206933568567846,0.058484061098491615,0.7100340686258764,-0.46401847670158913,0.05848406109852098,0.7100340686258836,1.0000000007816399,-0.46401847670158597,-0.01011754477254277,0.555870033983835,-0.46400434217407,-0.01011754477252978,0.5558700339838573,0.8077582032489424,-0.4640043421740908,0.22799855289982593,0.5789910044863474,-0.053475539010079946,0.2279985528998388,0.5789910044863333,0.7351973407636613,-0.0534755390100781,0.07440434897295198,-0.4673180674677328,-0.03894437973254495,-0.8108405089697538,-0.4673180674677445,-0.03894437973253355,0.15169984642179205,-0.8108405089697445,-0.5124185895830199,-0.1402986826353875,-0.8108349694089956,-0.5124185895830181,-0.14029868263538964,0.025310255840063647,-0.8108349694089959,-0.3558957509728802,-0.12510476661735012,-0.5409757504111254,-0.3558957509728812,-0.12510476661736208,-0.022393115842368458,-0.5409757504111269,-0.45687981365753805,0.4555130902971768
-0.22971650604800467,-0.22971650604800972,0.49490943199143134,0.4949094319914297,-0.8108281360590561,-0.81082813605906,0.8173983129944421,-0.30605084186548076,-0.30605084186546355,0.3234019697818194,0.32340196978183056,-0.8108336307780684,-0.8108336307780604,0.6035348248402022,-0.04125381260668127,-0.041253812606679506,0.3491126091225023,0.34911260912250497,-0.35430337698243486,-0.35430337698246,0.5228420106192715,-0.21206933568569925,0.058484061098504875,0.05848406109849841,0.7100340686258663,0.7100340686258693,-0.46401847670160173,-0.46401847670158597,1.0000000007816399,-0.010117544772544436,-0.01011754477255028,0.5558700339838373,0.5558700339838542,-0.4640043421740906,-0.4640043421741011,0.8077582032489516,0.22799855289981832,0.22799855289981952,0.5789910044863411,0.57899100448633,-0.05347553901008042,-0.05347553901008948,0.7351973407636537,0.07440434897294176,-0.4673180674677313,-0.46731806746771765,-0.03894437973248703,-0.03894437973250384,-0.8108405089697405,-0.8108405089697404,0.15169984642179749,-0.5124185895829986,-0.5124185895829991,-0.14029868263536432,-0.1402986826353636,-0.8108349694089901,-0.81083496940899,0.02531025584010659,-0.3558957509728629,-0.3558957509728618,-0.12510476661733091,-0.12510476661733325,-0.540975750411103,-0.540975750411112,-0.022393115842351666,-0.45687981365753877,0.45551309029714326
0.6035608803711805,-0.8108365208594966,0.3234216755998823,-0.810836520859496,0.3234216755998678,-0.30604540372288375,-0.30604540372288985,0.8173580221042057,-0.4112729363714105,0.5740125926082663,-0.4112729363713861,0.5740125926082369,0.027220375872965608,0.02722037587300082,-0.04887917937712289,-0.810835480721676,-0.19979420070859522,-0.8108354807216794,-0.19979420070860632,-0.5388971755350865,-0.5388971755350712,0.39114730651996266,0.8077582032489268,-0.4640043421741362,0.5558700339838423,-0.46400434217412806,0.5558700339838286,-0.01011754477254277,-0.010117544772544436,1.000000000578247,-0.10475215311407059,0.7811909403712195,-0.10475215311405771,0.7811909403712055,0.2895296160749093,0.289529616074927,0.22115183011925882,-0.4639514600449895,0.08545872126179352,-0.4639514600449839,0.08545872126178716,-0.21944092670601223,-0.21944092670599907,0.6167672550595212,0.02531941249322363,-0.8108296620831584,-0.14028915592284583,-0.810829662083156,-0.1402891559228481,-0.5124082313546323,-0.5124082313546205,0.1516628778108049,-0.5746791590623067,0.007801929407614698,-0.5746791590622952,0.007801929407597536,-0.3154506874258703,-0.3154506874258727,-0.36035442333841594,-0.8108352108997731,-0.4495778415945993,-0.8108352108997727,-0.44957784159460246,-0.6500610425902414,-0.6500610425902373,-0.10033744943573793,0.45552925970115177
-0.8108365208595021,0.6035608803711786,-0.8108365208594959,0.32342167559988755,-0.306045403722905,0.3234216755998572,-0.30604540372287986,-0.4112729363713907,0.8173580221042168,-0.4112729363713865,0.5740125926082729,0.027220375872999875,0.5740125926082744,0.02722037587300899,-0.8108354807216861,-0.0488791793771378,-0.8108354807216901,-0.19979420070860293,-0.5388971755351252,-0.199794200708602,-0.538897175535091,0.39114730652000357,-0.46400434217416214,0.8077582032489231,-0.4640043421741317,0.555870033983834,-0.010117544772560091,0.555870033983835,-0.01011754477255028,-0.10475215311407059,1.000000000578247,-0.10475215311405779,0.7811909403712222,0.289529616074899,0.7811909403712135,0.2895296160749089,-0.46395146004499843,0.2211518301192496,-0.4639514600450184,0.08545872126175713,-0.21944092670605414,0.08545872126176486,-0.219440926706025,0.6167672550595461,-0.8108296620831577,0.02531941249323034,-0.8108296620831533,-0.14028915592284907,-0.5124082313546351,-0.1402891559228319,-0.512408231354611,-0.5746791590622919,0.15166287781083457,-0.5746791590622946,0.007801929407621629,-0.3154506874258846,0.007801929407623879,-0.31545068742584725,-0.8108352108997731,-0.3603544233384079,-0.8108352108997736,-0.4495778415945985,-0.6500610425902531,-0.4495778415946047,-0.650061042590228,-0.1003374494357113,0.4555292597011414
0.32342167559987933,-0.8108365208594999,0.6035608803711853,-0.3060454037229071,-0.30604540372288347,-0.8108365208594915,0.32342167559985885,0.5740125926082407,-0.41127293637141515,0.8173580221041956,0.027220375872979884,0.027220375872973657,-0.41127293637140844,0.5740125926082432,-0.19979420070860737,-0.8108354807216711,-0.04887917937710369,-0.5388971755351021,-0.5388971755350546,-0.810835480721677,-0.19979420070859868,0.39114730651994606,0.5558700339838611,-0.4640043421741239,0.8077582032489299,-0.010117544772568652,-0.01011754477252613,-0.46400434217407,0.5558700339838373,0.7811909403712195,-0.10475215311405779,1.000000000578247,0.2895296160749161,0.2895296160749362,-0.10475215311404715,0.7811909403712124,0.08545872126179951,-0.4639514600449668,0.22115183011929018,-0.21944092670601056,-0.21944092670596818,-0.4639514600449679,0.08545872126179706,0.6167672550595268,-0.14028915592287403,-0.8108296620831651,0.02531941249322754,-0.5124082313546512,-0.5124082313546379,-0.8108296620831683,-0.14028915592286612,0.007801929407576083,-0.5746791590623304,0.15166287781080331,-0.315450687425897,-0.3154506874258959,-0.574679159062316,0.007801929407585682,-0.4495778415946248,-0.8108352108997794,-0.3603544233384262,-0.650061042590262,-0.650061042590233,-0.8108352108997762,-0.4495778415946342,-0.10033744943576871,0.4555292597011721
-0.8108365208594976,0.3234216755998606,-0.3060454037228784,0.6035608803711897,-0.810836520859505,-0.3060454037229151,0.3234216755998878,-0.4112729363714173,0.5740125926082446,0.027220375872982254,0.8173580221042025,-0.41127293637141416,0.027220375872991726,0.5740125926082594,-0.8108354807216727,-0.1997942007086167,-0.5388971755350941,-0.0488791793771004,-0.8108354807216809,-0.5388971755350709,-0.19979420070859458,0.3911473065199652,-0.46400434217412695,0.5558700339838442,-0.010117544772551218,0.8077582032489353,-0.464004342174097,-0.01011754477252978,0.5558700339838542,-0.10475215311405771,0.7811909403712222,0.2895296160749161,1.000000000578247,-0.10475215311406791,0.2895296160749223,0.7811909403712102,-0.4639514600449596,0.08545872126179897,-0.21944092670600213,0.22115183011926082,-0.4639514600449878,-0.21944092670599186,0.08545872126179765,0.616767255059538,-0.8108296620831704,-0.14028915592287358,-0.5124082313546242,0.02531941249321045,-0.8108296620831698,-0.5124082313546501,-0.14028915592285088,-0.5746791590623203,0.007801929407579305,-0.3154506874258961,0.15166287781080326,-0.574679159062345,-0.31545068742589244,0.007801929407607249,-0.8108352108997785,-0.44957784159461917,-0.6500610425902587,-0.3603544233384199,-0.8108352108997798,-0.6500610425902452,-0.4495778415946188,-0.10033744943575953,0.4555292597011695
0.32342167559988017,-0.3060454037228952,-0.30604540372287914,-0.8108365208594993,0.6035608803711888,0.3234216755998816,-0.8108365208594999,0.5740125926082565,0.027220375872949402,0.02722037587298782,-0.4112729363714194,0.8173580221041881,0.5740125926082161,-0.41127293637141477,-0.1997942007085989,-0.5388971755350741,-0.538897175535043,-0.8108354807216653,-0.04887917937709517,-0.19979420070857762,-0.8108354807216668,0.39114730651993934,0.5558700339838492,-0.010117544772556641,-0.010117544772525177,-0.464004342174115,0.8077582032489442,0.5558700339838573,-0.4640043421740906,0.7811909403712055,0.289529616074899,0.2895296160749362,-0.10475215311406791,1.000000000578247,0.7811909403712014,-0.10475215311406463,0.08545872126181615,-0.21944092670598098,-0.21944092670595988,-0.4639514600449424,0.2211518301192996,0.08545872126181542,-0.46395146004494825,0.616767255059509,-0.14028915592286528,-0.5124082313546596,-0.5124082313546566,-0.8108296620831748,0.025319412493214496,-0.14028915592285962,-0.8108296620831666,0.007801929407561862,-0.31545068742591437,-0.3154506874258988,-0.5746791590623378,0.15166287781078217,0.0078019294075773364,-0.5746791590623439,-0.44957784159461706,-0.6500610425902534,-0.6500610425902348,-0.8108352108997748,-0.36035442333842316,-0.4495778415946214,-0.8108352108997734,-0.10033744943577289,0.45552925970118435
-0.3060454037228969,0.3234216755998735,-0.810836520859499,-0.30604540372288663,0.3234216755998734,0.6035608803711873,-0.8108365208594995,0.027220375872996187,0.574012592608242,-0.41127293637140017,0.027220375872983746,0.574012592608259,0.8173580221042014,-0.41127293637140644,-0.5388971755350888,-0.19979420070862358,-0.8108354807216761,-0.5388971755350602,-0.1997942007086312,-0.048879179377077774,-0.8108354807216779,0.39114730651997354,-0.010117544772574125,0.555870033983846,-0.46400434217411013,-0.010117544772549416,0.5558700339838509,0.8077582032489424,-0.4640043421741011,0.2895296160749093,0.7811909403712135,-0.10475215311404715,0.2895296160749223,0.7811909403712014,1.000000000578247,-0.10475215311407172,-0.2194409267059906,0.08545872126178948,-0.463951460044979,-0.21944092670598683,0.0854587212617737,0.22115183011928666,-0.46395146004497606,0.6167672550595313,-0.5124082313546439,-0.14028915592287064,-0.8108296620831709,-0.5124082313546572,-0.1402891559228654,0.025319412493236833,-0.8108296620831643,-0.3154506874258993,0.007801929407586121,-0.5746791590623237,-0.3154506874258924,0.007801929407573504,0.1516628778108143,-0.5746791590623245,-0.6500610425902507,-0.44957784159462055,-0.8108352108997763,-0.6500610425902419,-0.4495778415946334,-0.36035442333842166,-0.8108352108997727,-0.10033744943574704,0.4555292597011739
-0.3060454037228776,-0.30604540372291333,0.32342167559990365,0.32342167559986973,-0.8108365208595026,-0.8108365208595107,0.6035608803712033,0.027220375872965517,0.027220375872955418,0.5740125926082518,0.5740125926082416,-0.41127293637143375,-0.41127293637142553,0.8173580221042085,-0.5388971755350557,-0.5388971755350717,-0.19979420070859438,-0.19979420070860857,-0.8108354807216671,-0.810835480721676,-0.04887917937707008,0.39114730651993684,-0.010117544772531933,-0.01011754477256533,0.5558700339838584,0.5558700339838364,-0.4640043421740945,-0.4640043421740908,0.8077582032489516,0.289529616074927,0.2895296160749089,0.7811909403712124,0.7811909403712102,-0.10475215311406463,-0.10475215311407172,1.000000000578247,-0.21944092670596466,-0.2194409267059787,0.08545872126181629,0.08545872126178147,-0.4639514600449552,-0.4639514600449663,0.2211518301193056,0.6167672550595208,-0.5124082313546523,-0.5124082313546594,-0.14028915592283064,-0.1402891559228688,-0.8108296620831692,-0.8108296620831762,0.0253194124932311,-0.31545068742589766,-0.31545068742591637,0.007801929407587263,0.007801929407577954,-0.5746791590623467,-0.5746791590623374,0.1516628778108182,-0.6500610425902448,-0.6500610425902487,-0.44957784159461794,-0.44957784159462105,-0.8108352108997711,-0.8108352108997751,-0.36035442333842116,-0.10033744943577869,0.45552925970117153
0.5228872905794988,-0.35424081696036447,0.3491613116109342,-0.3542408169603607,0.34916131161095004,-0.0411974197672647,-0.04119741976727907,-0.048913236356209026,-0.810836335775356,-0.19982186408871305,-0.8108363357753577,-0.19982186408871289,-0.5389104726286275,-0.5389104726286101,0.8173252291903592,0.34480369307305314,0.7237365438659854,0.3448036930730324,0.7237365438660003,0.5134446768033829,0.5134446768033941,-0.8108321141799177,0.7351973407636365,-0.05347553901008994,0.578991004486348,-0.053475539010076276,0.5789910044863413,0.22799855289982593,0.22799855289981832,0.22115183011925882,-0.46395146004499843,0.08545872126179951,-0.4639514600449596,0.08545872126181615,-0.2194409267059906,-0.21944092670596466,1.0000000033897227,0.5751437141716663,0.9158558311234034,0.5751437141716839,0.9158558311234082,0.7267748711203272,0.7267748711203312,-0.4639153403861653,-0.022483021249447673,-0.5410106952762723,-0.1251837864150461,-0.5410106952762634,-0.1251837864150349,-0.3559503110283127,-0.3559503110283299,-0.3603946141996465,-0.8108320591727602,-0.4496087754159207,-0.8108320591727614,-0.4496087754159116,-0.650071176031703,-0.6500711760316931,0.15161536801758096,-0.12774705811821618,0.09628421336607859,-0.12774705811822368,0.09628421336607432,-0.028043762586014133,-0.02804376258601604,-0.8108341022109791,0.45555968874135067
-0.3542408169603819,0.5228872905795094,-0.35424081696037696,0.3491613116109637,-0.04119741976727255,0.3491613116109361,-0.04119741976726707,-0.8108363357753543,-0.04891323635620911,-0.810836335775361,-0.19982186408871075,-0.5389104726286059,-0.19982186408870806,-0.5389104726286079,0.3448036930730437,0.8173252291903661,0.34480369307301945,0.7237365438660036,0.5134446768033806,0.7237365438659982,0.5134446768033941,-0.8108321141799114,-0.053475539010115994,0.7351973407636473,-0.05347553901008365,0.5789910044863558,0.22799855289981028,0.5789910044863474,0.22799855289981952,-0.4639514600449895,0.2211518301192496,-0.4639514600449668,0.08545872126179897,-0.21944092670598098,0.08545872126178948,-0.2194409267059787,0.5751437141716663,1.0000000033897227,0.5751437141716467,0.9158558311234164,0.7267748711203107,0.9158558311234,0.7267748711203249,-0.4639153403861615,-0.5410106952762802,-0.022483021249433986,-0.5410106952762717,-0.12518378641502978,-0.3559503110283342,-0.12518378641500613,-0.3559503110283207,-0.8108320591727644,-0.36039461419962215,-0.8108320591727617,-0.4496087754159208,-0.6500711760316952,-0.4496087754159227,-0.6500711760316801,-0.12774705811820372,0.15161536801758568,-0.12774705811820652,0.09628421336607418,-0.028043762586010417,0.096284213366072,-0.028043762586002295,-0.810834102210975,0.45555968874134417
0.3491613116109608,-0.35424081696039234,0.5228872905795254,-0.041197419767283174,-0.041197419767258416,-0.3542408169603789,0.34916131161094477,-0.19982186408868308,-0.8108363357753628,-0.048913236356200714,-0.5389104726286225,-0.5389104726286055,-0.810836335775366,-0.19982186408869987,0.7237365438660024,0.34480369307303915,0.8173252291903607,0.513444676803366,0.5134446768034082,0.34480369307301534,0.7237365438659951,-0.810832114179914,0.578991004486351,-0.053475539010120705,0.7351973407636585,0.2279985528997903,0.22799855289981458,-0.053475539010079946,0.5789910044863411,0.08545872126179352,-0.4639514600450184,0.22115183011929018,-0.21944092670600213,-0.21944092670595988,-0.463951460044979,0.08545872126181629,0.9158558311234034,0.5751437141716467,1.0000000033897227,0.7267748711203219,0.7267748711203322,0.5751437141716419,0.9158558311233914,-0.4639153403861643,-0.1251837864150311,-0.5410106952762769,-0.0224830212494058,-0.3559503110283237,-0.35595031102831504,-0.5410106952762538,-0.12518378641502012,-0.4496087754159109,-0.810832059172761,-0.36039461419960284,-0.6500711760316953,-0.6500711760316712,-0.8108320591727606,-0.44960877541589606,0.09628421336608921,-0.12774705811821419,0.15161536801759848,-0.02804376258601583,-0.02804376258598684,-0.127747058118214,0.09628421336606696,-0.810834102210973,0.4555596887413339
-0.3542408169603648,0.34916131161094244,-0.04119741976728355,0.5228872905795102,-0.35424081696034415,-0.04119741976726486,0.3491613116109329,-0.8108363357753573,-0.19982186408870986,-0.538910472628636,-0.048913236356241986,-0.8108363357753519,-0.5389104726286014,-0.19982186408873173,0.3448036930730672,0.723736543866011,0.5134446768033772,0.8173252291903692,0.3448036930730633,0.5134446768034131,0.7237365438659994,-0.8108321141799203,-0.05347553901009579,0.5789910044863407,0.22799855289980028,0.7351973407636393,-0.0534755390100567,0.2279985528998388,0.57899100448633,-0.4639514600449839,0.08545872126175713,-0.21944092670601056,0.22115183011926082,-0.4639514600449424,-0.21944092670598683,0.08545872126178147,0.5751437141716839,0.9158558311234164,0.7267748711203219,1.0000000033897227,0.5751437141716715,0.7267748711203458,0.9158558311233981,-0.46391534038617505,-0.5410106952762734,-0.12518378641503727,-0.35595031102832564,-0.02248302124942854,-0.5410106952762548,-0.3559503110282965,-0.1251837864150337,-0.8108320591727607,-0.4496087754159217,-0.6500711760317056,-0.3603946141996386,-0.8108320591727557,-0.6500711760316952,-0.44960877541591227,-0.12774705811819065,0.096284213366086,-0.028043762585995936,0.15161536801758238,-0.12774705811819395,-0.02804376258598841,0.0962842133660725,-0.8108341022109796,0.4555596887413396
0.3491613116109663,-0.041197419767296704,-0.04119741976725859,-0.35424081696038073,0.5228872905795345,0.34916131161094194,-0.3542408169603746,-0.19982186408866565,-0.5389104726286343,-0.5389104726285916,-0.8108363357753677,-0.04891323635619852,-0.19982186408873198,-0.8108363357753579,0.7237365438660049,0.5134446768033856,0.5134446768034014,0.34480369307303244,0.8173252291903733,0.7237365438659873,0.3448036930730402,-0.8108321141799141,0.578991004486344,0.22799855289977203,0.22799855289983204,-0.053475539010103296,0.7351973407636496,0.5789910044863333,-0.05347553901008042,0.08545872126178716,-0.21944092670605414,-0.21944092670596818,-0.4639514600449878,0.2211518301192996,0.0854587212617737,-0.4639514600449552,0.9158558311234082,0.7267748711203107,0.7267748711203322,0.5751437141716715,1.0000000033897227,0.9158558311233908,0.5751437141716537,-0.4639153403861725,-0.12518378641501912,-0.3559503110283428,-0.3559503110283217,-0.5410106952762693,-0.022483021249407993,-0.12518378641500347,-0.5410106952762563,-0.449608775415911,-0.6500711760316996,-0.6500711760316739,-0.8108320591727621,-0.3603946141995993,-0.4496087754159189,-0.8108320591727546,0.09628421336609662,-0.028043762586005407,-0.02804376258597595,-0.12774705811821438,0.1516153680175935,0.09628421336607207,-0.12774705811820491,-0.8108341022109702,0.4555596887413366
-0.041197419767282945,0.34916131161095126,-0.35424081696039156,-0.041197419767266034,0.3491613116109631,0.5228872905795255,-0.3542408169603872,-0.5389104726285916,-0.1998218640886977,-0.8108363357753624,-0.5389104726286195,-0.19982186408868577,-0.04891323635620635,-0.8108363357753636,0.5134446768033891,0.7237365438659923,0.3448036930730181,0.5134446768033961,0.7237365438659854,0.8173252291903768,0.34480369307302633,-0.8108321141799093,0.22799855289977997,0.5789910044863442,-0.05347553901009129,0.2279985528998113,0.5789910044863511,0.7351973407636613,-0.05347553901008948,-0.21944092670601223,0.08545872126176486,-0.4639514600449679,-0.21944092670599186,0.08545872126181542,0.22115183011928666,-0.4639514600449663,0.7267748711203272,0.9158558311234,0.5751437141716419,0.7267748711203458,0.9158558311233908,1.0000000033897227,0.5751437141716449,-0.4639153403861616,-0.35595031102833796,-0.12518378641503608,-0.541010695276286,-0.35595031102833163,-0.12518378641502564,-0.022483021249384783,-0.5410106952762707,-0.6500711760317037,-0.44960877541591066,-0.8108320591727626,-0.6500711760316993,-0.44960877541590405,-0.36039461419961544,-0.81083205917276,-0.028043762585997153,0.0962842133660754,-0.12774705811820597,-0.028043762586007374,0.09628421336606977,0.15161536801758224,-0.12774705811821518,-0.8108341022109722,0.4555596887413444
-0.04119741976727424,-0.04119741976728688,0.34916131161095243,0.3491613116109535,-0.35424081696037246,-0.3542408169603895,0.5228872905795225,-0.5389104726286051,-0.5389104726286107,-0.19982186408870353,-0.19982186408870753,-0.8108363357753601,-0.8108363357753618,-0.04891323635620074,0.5134446768033984,0.5134446768033952,0.7237365438659737,0.7237365438659775,0.3448036930730427,0.3448036930730181,0.8173252291903738,-0.8108321141799134,0.22799855289980028,0.22799855289979093,0.578991004486348,0.578991004486343,-0.053475539010084595,-0.0534755390100781,0.7351973407636537,-0.21944092670599907,-0.219440926706025,0.08545872126179706,0.08545872126179765,-0.46395146004494825,-0.46395146004497606,0.2211518301193056,0.7267748711203312,0.7267748711203249,0.9158558311233914,0.9158558311233981,0.5751437141716537,0.5751437141716449,1.0000000033897227,-0.46391534038615834,-0.3559503110283413,-0.35595031102833724,-0.12518378641501549,-0.12518378641502304,-0.5410106952762685,-0.5410106952762588,-0.022483021249410755,-0.6500711760316954,-0.6500711760316965,-0.4496087754159084,-0.44960877541591615,-0.8108320591727557,-0.8108320591727636,-0.3603946141995954,-0.02804376258599585,-0.028043762586004887,0.09628421336607901,0.09628421336606467,-0.1277470581182047,-0.12774705811821543,0.15161536801757652,-0.8108341022109757,0.45555968874133823
-0.21209964752966629,-0.21209964752965285,-0.21209964752965085,-0.21209964752964902,-0.21209964752967125,-0.212099647529659,-0.21209964752965169,0.39113632674283233,0.39113632674284127,0.39113632674284743,0.3911363267428596,0.39113632674283133,0.39113632674284415,0.39113632674285453,-0.8108353675070697,-0.8108353675070659,-0.8108353675070638,-0.8108353675070614,-0.8108353675070697,-0.8108353675070575,-0.8108353675070591,0.8173283936899541,0.07440434897291535,0.07440434897293223,0.0744043489729254,0.07440434897292879,0.07440434897293448,0.07440434897295198,0.07440434897294176,0.6167672550595212,0.6167672550595461,0.6167672550595268,0.616767255059538,0.616767255059509,0.6167672550595313,0.6167672550595208,-0.4639153403861653,-0.4639153403861615,-0.4639153403861643,-0.46391534038617505,-0.4639153403861725,-0.4639153403861616,-0.46391534038615834,0.9999999882856228,-0.4568840650949486,-0.4568840650949395,-0.45688406509493334,-0.45688406509494284,-0.4568840650949476,-0.4568840650949441,-0.45688406509493107,-0.10038647658512659,-0.10038647658511815,-0.10038647658511758,-0.10038647658510863,-0.10038647658514024,-0.10038647658510735,-0.1003864765851101,-0.8108358533878183,-0.8108358533878135,-0.810835853387816,-0.8108358533878116,-0.8108358533878167,-0.810835853387812,-0.8108358533878118,0.15152827570807986,0.45559083306461146
0.6934068697141055,-0.3770965003668488,0.4813805484073017,-0.3770965003668771,0.4813805484073227,0.004961728979740277,0.004961728979703684,0.5528862380448403,-0.37701610311937395,0.3687076748734706,-0.3770161031193825,0.36870767487347933,-0.04513780001457673,-0.04513780001459128,0.4997970709928147,-0.07689850099540484,0.3855754402535207,-0.07689850099542554,0.38557544025352186,0.12892176567890726,0.12892176567890593,0.01663632016016154,0.15169984642181658,-0.8108405089697323,-0.0389443797325138,-0.8108405089697373,-0.03894437973252198,-0.4673180674677328,-0.4673180674677313,0.02531941249322363,-0.8108296620831577,-0.14028915592287403,-0.8108296620831704,-0.14028915592286528,-0.5124082313546439,-0.5124082313546523,-0.022483021249447673,-0.5410106952762802,-0.1251837864150311,-0.5410106952762734,-0.12518378641501912,-0.35595031102833796,-0.3559503110283413,-0.4568840650949486,1.0000000000807714,0.3671557003310041,0.8746575163641148,0.36715570033099465,0.8746575163641391,0.5930152565074154,0.593015256507411,0.916936358141922,0.367196701854054,0.8080536770996706,0.367196701854048,0.8080536770996888,0.5633965135996715,0.5633965135996455,0.885539164053261,0.5445873511839638,0.8180094760149249,0.5445873511839622,0.8180094760149332,0.6662716443473738,0.6662716443473715,0.5999609937590139,-0.8108290841154714
-0.3770965003668551,0.693406869714097,-0.3770965003668622,0.48138054840730965,0.004961728979715737,0.4813805484073051,0.0049617289797238276,-0.3770161031193824,0.5528862380448455,-0.37701610311938266,0.3687076748734661,-0.045137800014567915,0.3687076748734855,-0.04513780001458586,-0.07689850099540489,0.49979707099280946,-0.07689850099540987,0.38557544025351775,0.12892176567891073,0.38557544025350754,0.12892176567890976,0.01663632016017392,-0.8108405089697307,0.15169984642180326,-0.8108405089697353,-0.03894437973249834,-0.467318067467719,-0.03894437973254495,-0.46731806746771765,-0.8108296620831584,0.02531941249323034,-0.8108296620831651,-0.14028915592287358,-0.5124082313546596,-0.14028915592287064,-0.5124082313546594,-0.5410106952762723,-0.022483021249433986,-0.5410106952762769,-0.12518378641503727,-0.3559503110283428,-0.12518378641503608,-0.35595031102833724,-0.4568840650949395,0.3671557003310041,1.0000000000807714,0.3671557003309804,0.8746575163641241,0.5930152565074228,0.874657516364112,0.5930152565074163,0.3671967018540626,0.9169363581419132,0.3671967018540384,0.8080536770996614,0.5633965135996699,0.8080536770996595,0.563396513599656,0.5445873511839642,0.8855391640532629,0.5445873511839566,0.818009476014931,0.6662716443473634,0.8180094760149245,0.6662716443473812,0.5999609937590139,-0.8108290841154695
0.48138054840730876,-0.37709650036686493,0.6934068697141127,0.004961728979723323,0.004961728979685347,-0.3770965003668875,0.4813805484073398,0.3687076748734526,-0.3770161031193814,0.5528862380448535,-0.04513780001456139,-0.04513780001461127,-0.37701610311940625,0.36870767487349515,0.38557544025349794,-0.07689850099541114,0.49979707099283444,0.12892176567891028,0.12892176567891928,-0.0768985009954572,0.3855754402535123,0.016636320160157224,-0.03894437973247271,-0.8108405089697323,0.15169984642180992,-0.46731806746768373,-0.46731806746774024,-0.8108405089697538,-0.03894437973248703,-0.14028915592284583,-0.8108296620831533,0.02531941249322754,-0.5124082313546242,-0.5124082313546566,-0.8108296620831709,-0.14028915592283064,-0.1251837864150461,-0.5410106952762717,-0.0224830212494058,-0.35595031102832564,-0.3559503110283217,-0.541010695276286,-0.12518378641501549,-0.45688406509493334,0.8746575163641148,0.3671557003309804,1.0000000000807712,0.5930152565074321,0.593015256507398,0.3671557003309269,0.8746575163641187,0.8080536770996569,0.3671967018540303,0.9169363581419084,0.5633965135996654,0.5633965135996526,0.36719670185400927,0.8080536770996551,0.8180094760149013,0.544587351183943,0.8855391640532466,0.6662716443473583,0.6662716443473561,0.5445873511839349,0.8180094760149108,0.5999609937589928,-0.8108290841154617
-0.37709650036685494,0.4813805484073067,0.004961728979728981,0.6934068697141015,-0.37709650036687636,0.004961728979694858,0.4813805484073341,-0.3770161031193986,0.36870767487347156,-0.045137800014582,0.5528862380448353,-0.37701610311939254,-0.04513780001457964,0.36870767487347395,-0.07689850099539523,0.3855754402535086,0.12892176567893093,0.49979707099283005,-0.07689850099541216,0.1289217656789128,0.3855754402535134,0.016636320160158147,-0.8108405089697263,-0.03894437973249373,-0.4673180674677018,0.1516998464218043,-0.8108405089697412,-0.4673180674677445,-0.03894437973250384,-0.810829662083156,-0.14028915592284907,-0.5124082313546512,0.02531941249321045,-0.8108296620831748,-0.5124082313546572,-0.1402891559228688,-0.5410106952762634,-0.12518378641502978,-0.3559503110283237,-0.02248302124942854,-0.5410106952762693,-0.35595031102833163,-0.12518378641502304,-0.45688406509494284,0.36715570033099465,0.8746575163641241,0.5930152565074321,1.0000000000807714,0.3671557003309721,0.593015256507393,0.8746575163641209,0.36719670185405556,0.8080536770996569,0.5633965135996588,0.9169363581419039,0.36719670185403347,0.5633965135996445,0.8080536770996591,0.5445873511839617,0.8180094760149239,0.6662716443473646,0.8855391640532679,0.544587351183956,0.6662716443473709,0.8180094760149293,0.5999609937589977,-0.8108290841154678
0.48138054840732597,0.004961728979721531,0.00496172897971097,-0.3770965003668809,0.6934068697141134,0.4813805484073305,-0.37709650036687725,0.3687076748734817,-0.045137800014585894,-0.04513780001458005,-0.37701610311939865,0.5528862380448524,0.3687076748734679,-0.3770161031194025,0.38557544025350937,0.1289217656789214,0.12892176567894456,-0.0768985009954111,0.4997970709928285,0.385575440253507,-0.07689850099542919,0.016636320160158816,-0.03894437973247413,-0.4673180674676993,-0.46731806746769816,-0.8108405089697348,0.15169984642178522,-0.03894437973253355,-0.8108405089697405,-0.1402891559228481,-0.5124082313546351,-0.5124082313546379,-0.8108296620831698,0.025319412493214496,-0.1402891559228654,-0.8108296620831692,-0.1251837864150349,-0.3559503110283342,-0.35595031102831504,-0.5410106952762548,-0.022483021249407993,-0.12518378641502564,-0.5410106952762685,-0.4568840650949476,0.8746575163641391,0.5930152565074228,0.593015256507398,0.3671557003309721,1.0000000000807712,0.8746575163641093,0.36715570033095724,0.8080536770996648,0.5633965135996581,0.5633965135996558,0.36719670185402603,0.9169363581419174,0.8080536770996521,0.36719670185400255,0.8180094760149178,0.666271644347362,0.666271644347369,0.5445873511839556,0.8855391640532535,0.8180094760149126,0.5445873511839574,0.5999609937590005,-0.8108290841154624
0.00496172897971534,0.48138054840733285,-0.37709650036689357,0.004961728979704679,0.48138054840733085,0.6934068697141289,-0.3770965003668906,-0.04513780001459115,0.3687076748734763,-0.3770161031194154,-0.04513780001460523,0.36870767487348705,0.5528862380448548,-0.3770161031194274,0.1289217656789291,0.3855754402535171,-0.07689850099540367,0.1289217656789417,0.3855754402535155,0.49979707099284787,-0.07689850099543181,0.01663632016015018,-0.46731806746768645,-0.038944379732459684,-0.8108405089697354,-0.4673180674676886,-0.038944379732487606,0.15169984642179205,-0.8108405089697404,-0.5124082313546323,-0.1402891559228319,-0.8108296620831683,-0.5124082313546501,-0.14028915592285962,0.025319412493236833,-0.8108296620831762,-0.3559503110283127,-0.12518378641500613,-0.5410106952762538,-0.3559503110282965,-0.12518378641500347,-0.022483021249384783,-0.5410106952762588,-0.4568840650949441,0.5930152565074154,0.874657516364112,0.3671557003309269,0.593015256507393,0.8746575163641093,1.0000000000807712,0.3671557003309315,0.5633965135996425,0.8080536770996448,0.36719670185399367,0.5633965135996263,0.8080536770996487,0.9169363581418871,0.3671967018539754,0.6662716443473521,0.8180094760149078,0.5445873511839346,0.6662716443473589,0.818009476014898,0.8855391640532482,0.5445873511839437,0.599960993758977,-0.8108290841154514
0.00496172897971478,0.004961728979716351,0.48138054840731626,0.4813805484073132,-0.3770965003668846,-0.37709650036688197,0.6934068697141162,-0.045137800014606454,-0.04513780001457354,0.36870767487346784,0.36870767487347833,-0.377016103119403,-0.37701610311938527,0.5528862380448458,0.12892176567892336,0.1289217656789256,0.38557544025350815,0.3855754402534984,-0.07689850099541067,-0.0768985009954415,0.499797070992821,0.016636320160155763,-0.46731806746767723,-0.4673180674676884,-0.03894437973249702,-0.03894437973248273,-0.8108405089697402,-0.8108405089697445,0.15169984642179749,-0.5124082313546205,-0.512408231354611,-0.14028915592286612,-0.14028915592285088,-0.8108296620831666,-0.8108296620831643,0.0253194124932311,-0.3559503110283299,-0.3559503110283207,-0.12518378641502012,-0.1251837864150337,-0.5410106952762563,-0.5410106952762707,-0.022483021249410755,-0.45688406509493107,0.593015256507411,0.5930152565074163,0.8746575163641187,0.8746575163641209,0.36715570033095724,0.3671557003309315,1.0000000000807712,0.5633965135996593,0.5633965135996498,0.8080536770996468,0.8080536770996525,0.36719670185402425,0.36719670185400893,0.9169363581418926,0.6662716443473502,0.6662716443473553,0.8180094760148963,0.818009476014907,0.544587351183944,0.544587351183941,0.8855391640532436,0.5999609937589837,-0.810829084115459
0.5528344277880206,-0.37709106921737234,0.36865127831831707,-0.3770910692173909,0.3686512783183103,-0.0452045018885372,-0.04520450188854628,0.6934270648472609,-0.11436104739437858,0.5334347223467585,-0.11436104739437351,0.5334347223467456,0.1739351919971068,0.1739351919971117,0.1239863634709948,-0.37697788416061084,0.024764250304281345,-0.376977884160619,0.024764250304265514,-0.19818581421917536,-0.19818581421916676,0.4131477604332145,0.0253102558401036,-0.8108349694089793,-0.14029868263536702,-0.8108349694089808,-0.140298682635389,-0.5124185895830199,-0.5124185895829986,0.1516628778108049,-0.5746791590622919,0.007801929407576083,-0.5746791590623203,0.007801929407561862,-0.3154506874258993,-0.31545068742589766,-0.3603946141996465,-0.8108320591727644,-0.4496087754159109,-0.8108320591727607,-0.449608775415911,-0.6500711760317037,-0.6500711760316954,-0.10038647658512659,0.916936358141922,0.3671967018540626,0.8080536770996569,0.36719670185405556,0.8080536770996648,0.5633965135996425,0.5633965135996593,1.0000000007775378,0.522452927836545,0.9054168239386686,0.522452927836546,0.9054168239386711,0.692887895500924,0.6928878955009085,0.6634025453953146,0.367224326536972,0.6047408167629464,0.3672243265369764,0.604740816762949,0.4729291090071894,0.47292910900719537,0.8343426321432567,-0.8108346902389776
-0.37709106921738794,0.5528344277880306,-0.3770910692173949,0.36865127831831696,-0.04520450188855326,0.36865127831832045,-0.04520450188854674,-0.11436104739439945,0.6934270648472823,-0.11436104739439557,0.5334347223467533,0.1739351919971164,0.5334347223467742,0.1739351919970993,-0.3769778841606143,0.1239863634710012,-0.3769778841606126,0.024764250304276068,-0.19818581421917114,0.024764250304270607,-0.19818581421917192,0.4131477604332225,-0.8108349694089806,0.025310255840109035,-0.8108349694089875,-0.14029868263535167,-0.5124185895829962,-0.1402986826353875,-0.5124185895829991,-0.5746791590623067,0.15166287781083457,-0.5746791590623304,0.007801929407579305,-0.31545068742591437,0.007801929407586121,-0.31545068742591637,-0.8108320591727602,-0.36039461419962215,-0.810832059172761,-0.4496087754159217,-0.6500711760316996,-0.44960877541591066,-0.6500711760316965,-0.10038647658511815,0.367196701854054,0.9169363581419132,0.3671967018540303,0.8080536770996569,0.5633965135996581,0.8080536770996448,0.5633965135996498,0.522452927836545,1.0000000007775378,0.5224529278365198,0.9054168239386591,0.6928878955009153,0.9054168239386591,0.6928878955009022,0.3672243265369626,0.6634025453953217,0.3672243265369557,0.6047408167629532,0.47292910900717694,0.6047408167629478,0.47292910900719415,0.8343426321432512,-0.8108346902389733
0.36865127831833466,-0.37709106921739594,0.5528344277880356,-0.04520450188856658,-0.04520450188855611,-0.3770910692173957,0.3686512783183251,0.5334347223467459,-0.11436104739439562,0.693427064847283,0.17393519199710877,0.17393519199709845,-0.11436104739439615,0.5334347223467565,0.024764250304263782,-0.376977884160619,0.12398636347102662,-0.1981858142191775,-0.198185814219149,-0.3769778841606425,0.02476425030425989,0.4131477604332069,-0.1402986826353147,-0.8108349694089838,0.025310255840096732,-0.5124185895829904,-0.5124185895829975,-0.8108349694089956,-0.14029868263536432,0.007801929407614698,-0.5746791590622946,0.15166287781080331,-0.3154506874258961,-0.3154506874258988,-0.5746791590623237,0.007801929407587263,-0.4496087754159207,-0.8108320591727617,-0.36039461419960284,-0.6500711760317056,-0.6500711760316739,-0.8108320591727626,-0.4496087754159084,-0.10038647658511758,0.8080536770996706,0.3671967018540384,0.9169363581419084,0.5633965135996588,0.5633965135996558,0.36719670185399367,0.8080536770996468,0.9054168239386686,0.5224529278365198,1.0000000007775378,0.6928878955009136,0.6928878955009183,0.5224529278365145,0.9054168239386425,0.6047408167629327,0.3672243265369544,0.6634025453953082,0.47292910900717705,0.4729291090071849,0.3672243265369559,0.6047408167629347,0.8343426321432378,-0.810834690238971
-0.37709106921738605,0.36865127831831684,-0.04520450188854245,0.5528344277880202,-0.3770910692174061,-0.0452045018885656,0.3686512783183332,-0.11436104739440343,0.5334347223467613,0.1739351919971117,0.6934270648472791,-0.11436104739439187,0.17393519199712207,0.5334347223467593,-0.3769778841606166,0.024764250304251053,-0.19818581421916123,0.12398636347100664,-0.37697788416062883,-0.19818581421917442,0.024764250304254994,0.41314776043322365,-0.8108349694089747,-0.14029868263534476,-0.5124185895829895,0.025310255840095525,-0.8108349694089882,-0.5124185895830181,-0.1402986826353636,-0.5746791590622952,0.007801929407621629,-0.315450687425897,0.15166287781080326,-0.5746791590623378,-0.3154506874258924,0.007801929407577954,-0.8108320591727614,-0.4496087754159208,-0.6500711760316953,-0.3603946141996386,-0.8108320591727621,-0.6500711760316993,-0.44960877541591615,-0.10038647658510863,0.367196701854048,0.8080536770996614,0.5633965135996654,0.9169363581419039,0.36719670185402603,0.5633965135996263,0.8080536770996525,0.522452927836546,0.9054168239386591,0.6928878955009136,1.0000000007775378,0.5224529278365214,0.6928878955009089,0.9054168239386545,0.3672243265369551,0.6047408167629382,0.4729291090071684,0.6634025453953193,0.36722432653695397,0.47292910900718094,0.6047408167629433,0.8343426321432461,-0.8108346902389716
0.368651278318341,-0.04520450188854527,-0.0452045018885445,-0.37709106921740926,0.5528344277880366,0.368651278318337,-0.3770910692173982,0.533434722346758,0.1739351919970935,0.1739351919971096,-0.11436104739440715,0.6934270648472796,0.5334347223467473,-0.11436104739441037,0.024764250304275887,-0.19818581421915515,-0.19818581421912249,-0.37697788416060496,0.12398636347102553,0.024764250304275533,-0.3769778841606195,0.4131477604332004,-0.14029868263532705,-0.5124185895829853,-0.5124185895829807,-0.8108349694089868,0.025310255840080887,-0.14029868263538964,-0.8108349694089901,0.007801929407597536,-0.3154506874258846,-0.3154506874258959,-0.574679159062345,0.15166287781078217,0.007801929407573504,-0.5746791590623467,-0.4496087754159116,-0.6500711760316952,-0.6500711760316712,-0.8108320591727557,-0.3603946141995993,-0.44960877541590405,-0.8108320591727557,-0.10038647658514024,0.8080536770996888,0.5633965135996699,0.5633965135996526,0.36719670185403347,0.9169363581419174,0.8080536770996487,0.36719670185402425,0.9054168239386711,0.6928878955009153,0.6928878955009183,0.5224529278365214,1.0000000007775378,0.9054168239386563,0.5224529278364971,0.604740816762952,0.4729291090071907,0.4729291090071974,0.3672243265369778,0.6634025453953272,0.6047408167629507,0.3672243265369804,0.8343426321432444,-0.8108346902389744
-0.045204501888547535,0.3686512783183277,-0.37709106921740404,-0.04520450188856197,0.3686512783183226,0.5528344277880347,-0.3770910692174033,0.17393519199711205,0.5334347223467645,-0.11436104739439007,0.17393519199710694,0.5334347223467737,0.6934270648472919,-0.11436104739440212,-0.19818581421917322,0.024764250304245634,-0.3769778841606156,-0.19818581421915937,0.024764250304245446,0.12398636347100953,-0.37697788416064537,0.4131477604332299,-0.5124185895829725,-0.1402986826353358,-0.8108349694089856,-0.5124185895829828,-0.14029868263536216,0.025310255840063647,-0.81083496940899,-0.3154506874258703,0.007801929407623879,-0.574679159062316,-0.31545068742589244,0.0078019294075773364,0.1516628778108143,-0.5746791590623374,-0.650071176031703,-0.4496087754159227,-0.8108320591727606,-0.6500711760316952,-0.4496087754159189,-0.36039461419961544,-0.8108320591727636,-0.10038647658510735,0.5633965135996715,0.8080536770996595,0.36719670185400927,0.5633965135996445,0.8080536770996521,0.9169363581418871,0.36719670185400893,0.692887895500924,0.9054168239386591,0.5224529278365145,0.6928878955009089,0.9054168239386563,1.0000000007775378,0.5224529278364956,0.47292910900716756,0.6047408167629298,0.3672243265369456,0.4729291090071794,0.6047408167629201,0.6634025453953075,0.3672243265369583,0.8343426321432502,-0.8108346902389666
-0.045204501888558624,-0.04520450188854588,0.3686512783183299,0.3686512783183302,-0.3770910692174267,-0.3770910692174156,0.5528344277880509,0.17393519199707158,0.17393519199711316,0.5334347223467539,0.5334347223467722,-0.11436104739442368,-0.11436104739439915,0.6934270648472884,-0.19818581421916473,-0.1981858142191573,0.02476425030427213,0.024764250304265174,-0.3769778841606231,-0.37697788416064254,0.12398636347101753,0.41314776043320517,-0.5124185895829618,-0.5124185895829639,-0.14029868263534823,-0.14029868263532796,-0.8108349694089927,-0.8108349694089959,0.02531025584010659,-0.3154506874258727,-0.31545068742584725,0.007801929407585682,0.007801929407607249,-0.5746791590623439,-0.5746791590623245,0.1516628778108182,-0.6500711760316931,-0.6500711760316801,-0.44960877541589606,-0.44960877541591227,-0.8108320591727546,-0.81083205917276,-0.3603946141995954,-0.1003864765851101,0.5633965135996455,0.563396513599656,0.8080536770996551,0.8080536770996591,0.36719670185400255,0.3671967018539754,0.9169363581418926,0.6928878955009085,0.6928878955009022,0.9054168239386425,0.9054168239386545,0.5224529278364971,0.5224529278364956,1.0000000007775378,0.47292910900715923,0.4729291090071707,0.6047408167629169,0.6047408167629341,0.36722432653694476,0.3672243265369452,0.6634025453953086,0.8343426321432232,-0.8108346902389645
0.4998146486451561,-0.07693068870763371,0.38558316126504627,-0.07693068870764887,0.38558316126506115,0.12890733901967874,0.128907339019664,0.12395524157892449,-0.377039762457029,0.02472703672909504,-0.37703976245704085,0.024727036729101873,-0.19823671568196266,-0.19823671568196996,0.6934374133982847,0.38273639912438956,0.6318992670234713,0.38273639912437435,0.6318992670234733,0.49362430726863754,0.49362430726864365,-0.377026139410548,-0.022393115842308447,-0.5409757504110912,-0.12510476661731304,-0.5409757504110927,-0.1251047666173305,-0.3558957509728802,-0.3558957509728629,-0.36035442333841594,-0.8108352108997731,-0.4495778415946248,-0.8108352108997785,-0.44957784159461706,-0.6500610425902507,-0.6500610425902448,0.15161536801758096,-0.12774705811820372,0.09628421336608921,-0.12774705811819065,0.09628421336609662,-0.028043762585997153,-0.02804376258599585,-0.8108358533878183,0.885539164053261,0.5445873511839642,0.8180094760149013,0.5445873511839617,0.8180094760149178,0.6662716443473521,0.6662716443473502,0.6634025453953146,0.3672243265369626,0.6047408167629327,0.3672243265369551,0.604740816762952,0.47292910900716756,0.47292910900715923,0.9999999968861293,0.8163041119522491,0.9636132590429274,0.8163041119522473,0.9636132590429299,0.8818628499340972,0.8818628499340992,0.3672849804987574,-0.81083778389376
-0.07693068870764806,0.4998146486451621,-0.0769306887076556,0.38558316126506065,0.1289073390196646,0.3855831612650549,0.12890733901967158,-0.3770397624570399,0.1239552415789466,-0.3770397624570422,0.02472703672910247,-0.19823671568195092,0.024727036729113708,-0.1982367156819635,0.3827363991243766,0.6934374133982821,0.38273639912437185,0.6318992670234643,0.4936243072686446,0.6318992670234487,0.49362430726863654,-0.37702613941053137,-0.5409757504110984,-0.022393115842313495,-0.5409757504111073,-0.12510476661729858,-0.3558957509728703,-0.12510476661735012,-0.3558957509728618,-0.8108352108997731,-0.3603544233384079,-0.8108352108997794,-0.44957784159461917,-0.6500610425902534,-0.44957784159462055,-0.6500610425902487,-0.12774705811821618,0.15161536801758568,-0.12774705811821419,0.096284213366086,-0.028043762586005407,0.0962842133660754,-0.028043762586004887,-0.8108358533878135,0.5445873511839638,0.8855391640532629,0.544587351183943,0.8180094760149239,0.666271644347362,0.8180094760149078,0.6662716443473553,0.367224326536972,0.6634025453953217,0.3672243265369544,0.6047408167629382,0.4729291090071907,0.6047408167629298,0.4729291090071707,0.8163041119522491,0.9999999968861293,0.816304111952243,0.9636132590429312,0.8818628499340921,0.9636132590429259,0.8818628499341038,0.367284980498768,-0.8108377838937623
0.3855831612650694,-0.07693068870764518,0.4998146486451498,0.12890733901965126,0.1289073390196784,-0.07693068870763856,0.3855831612650493,0.02472703672910198,-0.37703976245703363,0.12395524157892476,-0.19823671568197215,-0.19823671568195306,-0.37703976245703524,0.024727036729088762,0.6318992670234693,0.3827363991243842,0.6934374133982903,0.49362430726863765,0.49362430726867196,0.3827363991243568,0.6318992670234485,-0.3770261394105473,-0.12510476661727848,-0.540975750411098,-0.022393115842327914,-0.355895750972853,-0.3558957509728568,-0.5409757504111254,-0.12510476661733091,-0.4495778415945993,-0.8108352108997736,-0.3603544233384262,-0.6500610425902587,-0.6500610425902348,-0.8108352108997763,-0.44957784159461794,0.09628421336607859,-0.12774705811820652,0.15161536801759848,-0.028043762585995936,-0.02804376258597595,-0.12774705811820597,0.09628421336607901,-0.810835853387816,0.8180094760149249,0.5445873511839566,0.8855391640532466,0.6662716443473646,0.666271644347369,0.5445873511839346,0.8180094760148963,0.6047408167629464,0.3672243265369557,0.6634025453953082,0.4729291090071684,0.4729291090071974,0.3672243265369456,0.6047408167629169,0.9636132590429274,0.816304111952243,0.9999999968861293,0.8818628499340917,0.8818628499341051,0.8163041119522436,0.9636132590429194,0.3672849804987549,-0.8108377838937595
-0.0769306887076504,0.3855831612650686,0.1289073390196517,0.49981464864515673,-0.0769306887076473,0.12890733901966958,0.38558316126505676,-0.37703976245704374,0.024727036729128106,-0.19823671568196843,0.12395524157893476,-0.3770397624570261,-0.1982367156819375,0.024727036729098706,0.3827363991243727,0.6318992670234596,0.49362430726863643,0.6934374133982766,0.382736399124371,0.4936243072686346,0.6318992670234405,-0.3770261394105272,-0.5409757504110988,-0.12510476661729633,-0.3558957509728677,-0.02239311584231997,-0.5409757504111188,-0.3558957509728812,-0.12510476661733325,-0.8108352108997727,-0.4495778415945985,-0.650061042590262,-0.3603544233384199,-0.8108352108997748,-0.6500610425902419,-0.44957784159462105,-0.12774705811822368,0.09628421336607418,-0.02804376258601583,0.15161536801758238,-0.12774705811821438,-0.028043762586007374,0.09628421336606467,-0.8108358533878116,0.5445873511839622,0.818009476014931,0.6662716443473583,0.8855391640532679,0.5445873511839556,0.6662716443473589,0.818009476014907,0.3672243265369764,0.6047408167629532,0.47292910900717705,0.6634025453953193,0.3672243265369778,0.4729291090071794,0.6047408167629341,0.8163041119522473,0.9636132590429312,0.8818628499340917,0.9999999968861293,0.816304111952245,0.8818628499341015,0.9636132590429263,0.36728498049877223,-0.8108377838937638
0.3855831612650696,0.12890733901966042,0.12890733901967402,-0.07693068870765331,0.4998146486451556,0.38558316126505027,-0.0769306887076392,0.024727036729115658,-0.19823671568196377,-0.19823671568194598,-0.37703976245704374,0.1239552415789351,0.024727036729089134,-0.37703976245703613,0.6318992670234643,0.4936243072686461,0.4936243072686689,0.3827363991243737,0.6934374133982829,0.6318992670234385,0.38273639912436613,-0.37702613941053775,-0.12510476661728742,-0.3558957509728551,-0.3558957509728345,-0.5409757504110967,-0.022393115842351586,-0.12510476661736208,-0.540975750411103,-0.44957784159460246,-0.6500610425902531,-0.650061042590233,-0.8108352108997798,-0.36035442333842316,-0.4495778415946334,-0.8108352108997711,0.09628421336607432,-0.028043762586010417,-0.02804376258598684,-0.12774705811819395,0.1516153680175935,0.09628421336606977,-0.1277470581182047,-0.8108358533878167,0.8180094760149332,0.6662716443473634,0.6662716443473561,0.544587351183956,0.8855391640532535,0.818009476014898,0.544587351183944,0.604740816762949,0.47292910900717694,0.4729291090071849,0.36722432653695397,0.6634025453953272,0.6047408167629201,0.36722432653694476,0.9636132590429299,0.8818628499340921,0.8818628499341051,0.816304111952245,0.9999999968861293,0.9636132590429157,0.8163041119522508,0.36728498049876435,-0.8108377838937598
0.12890733901966295,0.38558316126506653,-0.07693068870765869,0.12890733901966978,0.385583161265055,0.49981464864515873,-0.07693068870764594,-0.19823671568195572,0.0247270367291196,-0.3770397624570385,-0.19823671568195683,0.02472703672911368,0.12395524157893895,-0.3770397624570406,0.49362430726864437,0.6318992670234556,0.38273639912437324,0.49362430726865414,0.6318992670234475,0.6934374133982698,0.38273639912435564,-0.3770261394105278,-0.3558957509728475,-0.12510476661729764,-0.5409757504111056,-0.35589575097283743,-0.12510476661733463,-0.022393115842368458,-0.540975750411112,-0.6500610425902414,-0.4495778415946047,-0.8108352108997762,-0.6500610425902452,-0.4495778415946214,-0.36035442333842166,-0.8108352108997751,-0.028043762586014133,0.096284213366072,-0.127747058118214,-0.02804376258598841,0.09628421336607207,0.15161536801758224,-0.12774705811821543,-0.810835853387812,0.6662716443473738,0.8180094760149245,0.5445873511839349,0.6662716443473709,0.8180094760149126,0.8855391640532482,0.544587351183941,0.4729291090071894,0.6047408167629478,0.3672243265369559,0.47292910900718094,0.6047408167629507,0.6634025453953075,0.3672243265369452,0.8818628499340972,0.9636132590429259,0.8163041119522436,0.8818628499341015,0.9636132590429157,0.9999999968861293,0.8163041119522485,0.3672849804987706,-0.8108377838937609
0.12890733901966425,0.12890733901967913,0.3855831612650413,0.385583161265055,-0.07693068870764483,-0.07693068870763946,0.49981464864515174,-0.1982367156819689,-0.19823671568193518,0.024727036729092444,0.02472703672910638,-0.37703976245703014,-0.3770397624570185,0.12395524157892521,0.4936243072686489,0.493624307268658,0.6318992670234479,0.631899267023447,0.3827363991243803,0.38273639912435414,0.6934374133982658,-0.3770261394105337,-0.35589575097283993,-0.35589575097283754,-0.12510476661732883,-0.1251047666173064,-0.5409757504111175,-0.5409757504111269,-0.022393115842351666,-0.6500610425902373,-0.650061042590228,-0.4495778415946342,-0.4495778415946188,-0.8108352108997734,-0.8108352108997727,-0.36035442333842116,-0.02804376258601604,-0.028043762586002295,0.09628421336606696,0.0962842133660725,-0.12774705811820491,-0.12774705811821518,0.15161536801757652,-0.8108358533878118,0.6662716443473715,0.6662716443473812,0.8180094760149108,0.8180094760149293,0.5445873511839574,0.5445873511839437,0.8855391640532436,0.47292910900719537,0.47292910900719415,0.6047408167629347,0.6047408167629433,0.3672243265369804,0.3672243265369583,0.6634025453953086,0.8818628499340992,0.8818628499341038,0.9636132590429194,0.9636132590429263,0.8163041119522508,0.8163041119522485,0.9999999968861293,0.36728498049876857,-0.8108377838937645
0.016573198986543667,0.016573198986554093,0.016573198986533838,0.01657319898653052,0.01657319898653844,0.01657319898655311,0.016573198986534605,0.4132059073498293,0.4132059073498537,0.41320590734983914,0.4132059073498486,0.4132059073498473,0.4132059073498622,0.4132059073498337,-0.37696226693876767,-0.37696226693876406,-0.37696226693875323,-0.3769622669387615,-0.37696226693876184,-0.37696226693876106,-0.3769622669387749,0.6933528910046248,-0.45687981365750246,-0.45687981365750185,-0.4568798136575338,-0.45687981365752145,-0.4568798136575277,-0.45687981365753805,-0.45687981365753877,-0.10033744943573793,-0.1003374494357113,-0.10033744943576871,-0.10033744943575953,-0.10033744943577289,-0.10033744943574704,-0.10033744943577869,-0.8108341022109791,-0.810834102210975,-0.810834102210973,-0.8108341022109796,-0.8108341022109702,-0.8108341022109722,-0.8108341022109757,0.15152827570807986,0.5999609937590139,0.5999609937590139,0.5999609937589928,0.5999609937589977,0.5999609937590005,0.599960993758977,0.5999609937589837,0.8343426321432567,0.8343426321432512,0.8343426321432378,0.8343426321432461,0.8343426321432444,0.8343426321432502,0.8343426321432232,0.3672849804987574,0.367284980498768,0.3672849804987549,0.36728498049877223,0.36728498049876435,0.3672849804987706,0.36728498049876857,0.9999999939403027,-0.8108498596421096
-0.14050247297273552,-0.1405024729727378,-0.1405024729727319,-0.14050247297272822,-0.140502472972723,-0.14050247297272922,-0.1405024729727393,-0.14055039067694886,-0.14055039067696606,-0.14055039067696026,-0.1405503906769619,-0.14055039067695613,-0.14055039067696135,-0.1405503906769577,-0.14058007517916954,-0.14058007517916934,-0.14058007517918245,-0.14058007517917154,-0.14058007517916843,-0.1405800751791551,-0.14058007517916116,-0.1405141099461494,0.455513090297113,0.45551309029712217,0.4555130902971352,0.45551309029712533,0.45551309029715764,0.4555130902971768,0.45551309029714326,0.45552925970115177,0.4555292597011414,0.4555292597011721,0.4555292597011695,0.45552925970118435,0.4555292597011739,0.45552925970117153,0.45555968874135067,0.45555968874134417,0.4555596887413339,0.4555596887413396,0.4555596887413366,0.4555596887413444,0.45555968874133823,0.45559083306461146,-0.8108290841154714,-0.8108290841154695,-0.8108290841154617,-0.8108290841154678,-0.8108290841154624,-0.8108290841154514,-0.810829084115459,-0.8108346902389776,-0.8108346902389733,-0.810834690238971,-0.8108346902389716,-0.8108346902389744,-0.8108346902389666,-0.8108346902389645,-0.81083778389376,-0.8108377838937623,-0.8108377838937595,-0.8108377838937638,-0.8108377838937598,-0.8108377838937609,-0.8108377838937645,-0.8108498596421096,0.9999999977575453
