1.0000000039667396,1.0000163071024406,2.738380657364537e-07,1.0000163071024515,1.0000163071024537,2.738380627917295e-07,2.738380624068192e-07,1.0000163071024541,1.0000163071024546,1.0000149104565867,1.0000163071024533,1.0000163071024541,2.738380624114383e-07,1.0000163313653847,1.0000163071024515,1.0000156393744069,1.0000163071024548,1.000016307102455,2.7414539979195287e-07,1.000016307102454,1.0000163071024541,1.000016307102455,1.0000163071024577,2.738380624069998e-07,2.743948334507215e-07,1.000016307102456,1.000016307102455,2.7414539991486254e-07,1.000016307102452,1.000016307102456,2.73838062512033e-07,1.0000163071024541,1.0000149104565894,2.738380640785526e-07,2.7383806280712333e-07,1.0000163071024537,2.73838062804742e-07,1.0000163313653858,2.738380634604048e-07,1.000016307102457,2.7383806240680725e-07,2.7383806280704683e-07,2.7383806408258723e-07,2.741453999148595e-07,1.0000163071024526,1.0000161736320774,2.7383806420131484e-07,1.0000163071024508,2.741453999162282e-07,2.73838062804742e-07,1.0000163071024546,2.738380634472962e-07,2.7383806280477e-07,2.738380634599726e-07,1.000016307102455,1.0000163071024548,2.738380640854582e-07,1.0000163071024546,1.0000163071024502,2.7383806346040427e-07,1.0000163071024537,1.000016307102454,1.0000163071024541,2.7383806280013245e-07,1.0000163071024541,2.73838064214137e-07,1.0000163071024535
1.0000163071024406,1.0000192720604615,3.896567241280576e-12,1.0000231493909193,1.000023149390919,3.8965650905229475e-12,3.896565081413401e-12,1.0000231493909195,1.0000231493909202,1.0000217527351114,1.00002314939092,1.0000231493909197,3.896564909544642e-12,1.000023173654025,1.0000231493909193,1.0000224816581214,1.0000231493909195,1.0000231493909193,4.0508805914486046e-12,1.00002314939092,1.0000231493909184,1.0000231493909193,1.00002314939092,3.896564926248131e-12,4.176121787275451e-12,1.0000231493909202,1.0000231493909182,4.0508801857492645e-12,1.00002314939092,1.0000231493909202,3.8965650304935845e-12,1.000023149390919,1.000021752735111,3.896564200124619e-12,3.896565116340884e-12,1.00002314939092,3.8965651538897694e-12,1.000023173654025,3.896565325812639e-12,1.0000231493909204,3.896565109135181e-12,3.896565203798731e-12,3.896564460406715e-12,4.050880738302551e-12,1.0000231493909182,1.0000230159195964,3.8965647463766606e-12,1.0000231493909193,4.050880625460492e-12,3.896565157132381e-12,1.00002314939092,3.8965651565750675e-12,3.896565283500864e-12,3.896564876788634e-12,1.000023149390919,1.0000231493909193,3.8965644434673894e-12,1.0000231493909202,1.000023149390919,3.896565221566466e-12,1.0000231493909195,1.00002314939092,1.0000231493909204,3.89656515617961e-12,1.0000231493909204,3.896564501869863e-12,1.0000231493909182
2.738380657364537e-07,3.896567241280576e-12,-3.877330562509505e-06,3.896567218019199e-12,3.896567224804235e-12,-1.1249078640812935e-15,-1.1249078565468517e-15,3.896567232546732e-12,3.896567218485617e-12,7.76055227906252e-09,3.8965672463809716e-12,3.8965671918930805e-12,-1.1249078334854618e-15,3.896567395420011e-12,3.896567233271667e-12,7.760559710325695e-09,3.89656724219761e-12,3.896567217145988e-12,-5.930371496821212e-19,3.896567260840309e-12,3.8965672441720544e-12,3.896567232907718e-12,3.896567221256859e-12,-1.1249078268227004e-15,-1.1923027144631356e-15,3.896567217044708e-12,3.896567260840309e-12,-5.246596117395037e-19,3.896567218347317e-12,3.896567249856483e-12,-1.124907852842586e-15,3.896567213876455e-12,7.760552279062441e-09,-1.1249077233072408e-15,-1.124907873263398e-15,3.896567232890096e-12,-1.1249078815083298e-15,3.896567387200457e-12,-1.1249078895778888e-15,3.896567218485617e-12,-1.1249078607447813e-15,-1.1249078776568588e-15,-1.124907793372731e-15,-5.960699978211267e-19,3.896567230708933e-12,3.8965666337535995e-12,-1.1249078447688756e-15,3.896567230708933e-12,-5.930371496821212e-19,-1.124907870282532e-15,3.896567224804235e-12,-1.1249078434408426e-15,-1.1249079435724948e-15,-1.1249077948256146e-15,3.896567232546732e-12,3.896567230708933e-12,-1.124907773405381e-15,3.896567218485617e-12,3.89656724219761e-12,-1.1249078699084732e-15,3.896567218347317e-12,3.896567258125411e-12,3.896567258125411e-12,-1.1249078604030393e-15,3.896567266552482e-12,-1.1249077892646043e-15,3.896567248953814e-12
1.0000163071024515,1.0000231493909193,3.896567218019199e-12,1.0000192720604806,1.0000231493909282,3.896565069885854e-12,3.896565100861756e-12,1.0000231493909293,1.0000231493909288,1.0000217527351203,1.0000231493909282,1.0000231493909282,3.896564903879062e-12,1.0000231736540344,1.0000231493909304,1.0000224816581316,1.0000231493909308,1.0000231493909293,4.050880567078391e-12,1.00002314939093,1.0000231493909286,1.00002314939093,1.000023149390929,3.896564903992717e-12,4.176121784943007e-12,1.0000231493909288,1.0000231493909282,4.0508801350670585e-12,1.0000231493909282,1.0000231493909288,3.896565027767911e-12,1.000023149390929,1.0000217527351214,3.896564244033111e-12,3.8965651457859585e-12,1.000023149390929,3.89656517873481e-12,1.0000231736540344,3.896565338883593e-12,1.0000231493909308,3.896565082300722e-12,3.896565236376588e-12,3.896564470607538e-12,4.050880664363849e-12,1.000023149390928,1.0000230159196062,3.896564714472898e-12,1.000023149390929,4.05088061067185e-12,3.896565109825405e-12,1.0000231493909288,3.896565159013087e-12,3.8965652666715146e-12,3.896564873420092e-12,1.0000231493909286,1.0000231493909295,3.8965644496317615e-12,1.0000231493909288,1.0000231493909286,3.896565246872621e-12,1.0000231493909295,1.0000231493909297,1.000023149390929,3.8965651546807964e-12,1.0000231493909295,3.896564496178627e-12,1.0000231493909277
1.0000163071024537,1.000023149390919,3.896567224804235e-12,1.0000231493909282,1.0000192720604821,3.896565099655418e-12,3.896565113015159e-12,1.000023149390929,1.000023149390929,1.0000217527351198,1.0000231493909282,1.0000231493909275,3.896564947686137e-12,1.0000231736540333,1.000023149390928,1.0000224816581305,1.0000231493909288,1.0000231493909286,4.0508805823469e-12,1.0000231493909286,1.0000231493909273,1.0000231493909288,1.0000231493909295,3.896564913406869e-12,4.176121840786012e-12,1.0000231493909293,1.0000231493909264,4.050880180246736e-12,1.000023149390929,1.000023149390929,3.8965650622887505e-12,1.0000231493909288,1.0000217527351207,3.896564244033111e-12,3.896565111517192e-12,1.0000231493909284,3.896565145984669e-12,1.0000231736540333,3.8965653399109035e-12,1.000023149390929,3.896565093429916e-12,3.896565206251619e-12,3.896564433196508e-12,4.050880664363849e-12,1.0000231493909277,1.0000230159196069,3.896564736727171e-12,1.0000231493909286,4.050880617290553e-12,3.89656513303321e-12,1.0000231493909284,3.896565152887399e-12,3.8965653166867165e-12,3.896564884214733e-12,1.0000231493909286,1.000023149390929,3.896564423803282e-12,1.000023149390928,1.0000231493909282,3.8965652485996845e-12,1.0000231493909284,1.0000231493909286,1.0000231493909286,3.896565201940706e-12,1.0000231493909288,3.896564505959165e-12,1.0000231493909273
2.738380627917295e-07,3.8965650905229475e-12,-1.1249078640812935e-15,3.896565069885854e-12,3.896565099655418e-12,-3.877330562509505e-06,-1.1249074985382459e-15,3.896565090229414e-12,3.896565092623015e-12,7.760548015857506e-09,3.8965650972176676e-12,3.8965650943431915e-12,-1.1249074754768554e-15,3.8965652264798765e-12,3.896565090397858e-12,7.76055544711701e-09,3.896565069885854e-12,3.8965650905229475e-12,-5.572458810161239e-19,3.896565079642661e-12,3.896565085166879e-12,3.8965650972176676e-12,3.8965650972176676e-12,-1.1249074688140985e-15,-1.1923023351378935e-15,3.89656509837084e-12,3.896565069885854e-12,-5.960699978211267e-19,3.896565104296601e-12,3.896565076044652e-12,-1.1249074948339837e-15,3.896565069885854e-12,7.76054801585748e-09,-1.124907365298657e-15,-1.1249075152548202e-15,3.896565060560964e-12,-1.1249075234997394e-15,3.8965652446597926e-12,-1.124907531569307e-15,3.8965650905229475e-12,-1.1249075027361615e-15,-1.1249075196482653e-15,-1.1249074353641503e-15,-5.247805600321331e-19,3.8965650972176676e-12,3.8965644604976335e-12,-1.1249074867602806e-15,3.8965650972176676e-12,-5.930371496821212e-19,-1.1249075122739436e-15,3.896565104296601e-12,-1.1249074854322222e-15,-1.124907585563891e-15,-1.1249074368170222e-15,3.896565071076057e-12,3.896565071076057e-12,-1.124907415396784e-15,3.896565071076057e-12,3.896565071076057e-12,-1.1249075118998686e-15,3.896565095762859e-12,3.8965650943431915e-12,3.896565076044652e-12,-1.1249075023944581e-15,3.896565076044652e-12,-1.1249074312560058e-15,3.896565104296601e-12
2.738380624068192e-07,3.896565081413401e-12,-1.1249078565468517e-15,3.896565100861756e-12,3.896565113015159e-12,-1.1249074985382459e-15,-3.877330562509505e-06,3.89656508074597e-12,3.896565093064728e-12,7.760548004675148e-09,3.896565132586226e-12,3.896565081413401e-12,-1.1249074679424281e-15,3.896565209708514e-12,3.896565089443492e-12,7.760555435934828e-09,3.896565095289318e-12,3.896565097295965e-12,-5.930371496821212e-19,3.896565130054584e-12,3.896565069172151e-12,3.896565095255283e-12,3.89656510134504e-12,-1.1249074612796661e-15,-1.1923023271476354e-15,3.896565082500546e-12,3.8965650996317045e-12,-5.257717366524748e-19,3.89656510439776e-12,3.896565082500546e-12,-1.1249074872995534e-15,3.896565130054584e-12,7.760548004675219e-09,-1.1249073577641931e-15,-1.124907507720365e-15,3.8965650996317045e-12,-1.1249075159653088e-15,3.8965652357408444e-12,-1.1249075240348626e-15,3.896565069172151e-12,-1.1249074952017447e-15,-1.1249075121138242e-15,-1.124907427829682e-15,-5.257717366524748e-19,3.896565095255283e-12,3.896564411007987e-12,-1.1249074792258364e-15,3.8965650996317045e-12,-5.5752883040905e-19,-1.1249075047395016e-15,3.896565069172151e-12,-1.1249074778977794e-15,-1.1249075780294738e-15,-1.1249074292825752e-15,3.89656508074597e-12,3.8965650996317045e-12,-1.1249074078623335e-15,3.8965650982593166e-12,3.896565130054584e-12,-1.1249075043654541e-15,3.8965650996317045e-12,3.896565120743047e-12,3.8965650982593166e-12,-1.124907494860015e-15,3.896565093890177e-12,-1.1249074237215677e-15,3.896565108161403e-12
1.0000163071024541,1.0000231493909195,3.896567232546732e-12,1.0000231493909293,1.000023149390929,3.896565090229414e-12,3.89656508074597e-12,1.0000192720604828,1.0000231493909297,1.0000217527351212,1.0000231493909293,1.0000231493909286,3.896564895534127e-12,1.0000231736540344,1.0000231493909297,1.0000224816581313,1.0000231493909304,1.0000231493909306,4.050880567078391e-12,1.0000231493909304,1.000023149390929,1.0000231493909308,1.0000231493909295,3.896564926248131e-12,4.176121797484305e-12,1.0000231493909297,1.0000231493909284,4.050880163640285e-12,1.000023149390929,1.000023149390929,3.896565097656693e-12,1.0000231493909295,1.0000217527351212,3.896564244050839e-12,3.896565166559761e-12,1.0000231493909293,3.89656522245194e-12,1.0000231736540344,3.896565303024477e-12,1.0000231493909308,3.896565144457479e-12,3.8965651901464915e-12,3.896564440876158e-12,4.050880678560914e-12,1.0000231493909288,1.0000230159196053,3.896564751556387e-12,1.0000231493909302,4.050880525586137e-12,3.8965651144770245e-12,1.0000231493909297,3.896565155675232e-12,3.896565342360483e-12,3.896564864443875e-12,1.0000231493909297,1.0000231493909297,3.896564449648625e-12,1.0000231493909297,1.0000231493909288,3.896565250898231e-12,1.0000231493909297,1.0000231493909297,1.0000231493909306,3.896565148058557e-12,1.0000231493909304,3.896564515676661e-12,1.0000231493909282
1.0000163071024546,1.0000231493909202,3.896567218485617e-12,1.0000231493909288,1.000023149390929,3.896565092623015e-12,3.896565093064728e-12,1.0000231493909297,1.0000192720604788,1.0000217527351212,1.000023149390929,1.0000231493909286,3.896564951639633e-12,1.000023173654034,1.000023149390929,1.0000224816581322,1.0000231493909306,1.0000231493909297,4.050880567078391e-12,1.00002314939093,1.000023149390929,1.0000231493909306,1.0000231493909304,3.896564872549838e-12,4.176121783093508e-12,1.0000231493909297,1.0000231493909295,4.050880174483334e-12,1.0000231493909295,1.0000231493909288,3.8965650304935845e-12,1.0000231493909288,1.000021752735122,3.8965642385009485e-12,3.896565101391097e-12,1.00002314939093,3.8965651538897694e-12,1.000023173654034,3.896565325812639e-12,1.0000231493909308,3.896565103486229e-12,3.896565209973905e-12,3.8965644488172665e-12,4.05088064195659e-12,1.0000231493909282,1.0000230159196069,3.896564712099306e-12,1.0000231493909295,4.05088061067185e-12,3.896565166955554e-12,1.0000231493909297,3.896565154191324e-12,3.8965652995831926e-12,3.896564873689275e-12,1.0000231493909295,1.00002314939093,3.89656445246564e-12,1.0000231493909295,1.0000231493909286,3.896565252769305e-12,1.0000231493909293,1.0000231493909286,1.0000231493909295,3.896565158679275e-12,1.0000231493909295,3.8965645167957415e-12,1.000023149390928
1.0000149104565867,1.0000217527351114,7.76055227906252e-09,1.0000217527351203,1.0000217527351198,7.760548015857506e-09,7.760548004675148e-09,1.0000217527351212,1.0000217527351212,1.0000164787508068,1.0000217527351207,1.0000217527351203,7.760547607612264e-09,1.0000217769981912,1.0000217527351207,1.0000210850032514,1.0000217527351225,1.000021752735122,4.050873184066395e-12,1.0000217527351214,1.0000217527351216,1.0000217527351212,1.000021752735122,7.760547600946735e-09,8.317323794424343e-09,1.0000217527351212,1.0000217527351203,4.050872798042919e-12,1.0000217527351207,1.0000217527351212,7.760547911106545e-09,1.0000217527351205,1.0000203560812537,7.760546257577023e-09,7.760548086202762e-09,1.0000217527351198,7.760548221484146e-09,1.000021776998191,7.760548482236312e-09,1.0000217527351212,7.760548032592566e-09,7.760548191788554e-09,7.76054671871787e-09,4.050873214528616e-12,1.0000217527351198,1.000021619263982,7.760547260849037e-09,1.0000217527351212,4.050873186785161e-12,7.760548064517544e-09,1.0000217527351216,7.760548122624539e-09,7.760548460459207e-09,7.760547582015172e-09,1.000021752735122,1.0000217527351212,7.760546677172193e-09,1.0000217527351216,1.0000217527351203,7.760548272946301e-09,1.0000217527351207,1.0000217527351207,1.0000217527351216,7.760548122899895e-09,1.0000217527351216,7.760546819869779e-09,1.0000217527351203
1.0000163071024533,1.00002314939092,3.8965672463809716e-12,1.0000231493909282,1.0000231493909282,3.8965650972176676e-12,3.896565132586226e-12,1.0000231493909293,1.000023149390929,1.0000217527351207,1.0000192720604817,1.0000231493909275,3.8965648457782916e-12,1.0000231736540333,1.000023149390928,1.0000224816581302,1.000023149390929,1.0000231493909297,4.050880595462677e-12,1.0000231493909288,1.0000231493909282,1.0000231493909304,1.0000231493909295,3.896564872549838e-12,4.176121791155576e-12,1.000023149390929,1.0000231493909266,4.0508801447644725e-12,1.000023149390929,1.0000231493909293,3.896565045354389e-12,1.0000231493909288,1.0000217527351207,3.8965642385009485e-12,3.896565104728978e-12,1.0000231493909282,3.89656520037556e-12,1.000023173654033,3.89656532883855e-12,1.0000231493909293,3.896565109135181e-12,3.896565245155049e-12,3.896564437908245e-12,4.050880658147078e-12,1.0000231493909277,1.0000230159196069,3.896564712099306e-12,1.0000231493909286,4.0508805640234604e-12,3.8965651470548075e-12,1.000023149390929,3.896565162193008e-12,3.8965653053883154e-12,3.896564851988689e-12,1.0000231493909297,1.0000231493909295,3.896564423803282e-12,1.0000231493909288,1.000023149390928,3.896565255172829e-12,1.0000231493909288,1.0000231493909286,1.0000231493909297,3.896565145490023e-12,1.000023149390929,3.896564503161521e-12,1.0000231493909277
1.0000163071024541,1.0000231493909197,3.8965671918930805e-12,1.0000231493909282,1.0000231493909275,3.8965650943431915e-12,3.896565081413401e-12,1.0000231493909286,1.0000231493909286,1.0000217527351203,1.0000231493909275,1.0000192720604808,3.8965649231770855e-12,1.0000231736540326,1.0000231493909284,1.0000224816581302,1.0000231493909304,1.0000231493909286,4.050880567078391e-12,1.000023149390929,1.0000231493909277,1.00002314939093,1.000023149390929,3.89656489709282e-12,4.176121801334351e-12,1.0000231493909288,1.0000231493909264,4.0508802270058346e-12,1.0000231493909282,1.0000231493909277,3.8965650658646894e-12,1.0000231493909286,1.0000217527351207,3.896564200124619e-12,3.896565166439388e-12,1.0000231493909273,3.896565182803718e-12,1.0000231736540317,3.896565332139005e-12,1.0000231493909286,3.8965651018189324e-12,3.8965652538289305e-12,3.896564435092479e-12,4.050880658147078e-12,1.0000231493909266,1.000023015919606,3.8965647463766606e-12,1.0000231493909286,4.05088061067185e-12,3.8965651427415275e-12,1.0000231493909286,3.896565122749721e-12,3.8965653229142305e-12,3.896564875816928e-12,1.0000231493909286,1.0000231493909297,3.896564423800823e-12,1.0000231493909282,1.0000231493909282,3.896565263259803e-12,1.0000231493909273,1.0000231493909282,1.000023149390928,3.896565147836732e-12,1.0000231493909282,3.896564479206231e-12,1.0000231493909262
2.738380624114383e-07,3.896564909544642e-12,-1.1249078334854618e-15,3.896564903879062e-12,3.896564947686137e-12,-1.1249074754768554e-15,-1.1249074679424281e-15,3.896564895534127e-12,3.896564951639633e-12,7.760547607612264e-09,3.8965648457782916e-12,3.8965649231770855e-12,-3.877330562509505e-06,3.896565001937454e-12,3.8965649106777895e-12,7.760555038871579e-09,3.896564947686137e-12,3.8965648457782916e-12,-5.2680479169434215e-19,3.8965649356373295e-12,3.8965649503768795e-12,3.896564910930288e-12,3.896564947686137e-12,-1.124907438218265e-15,-1.1923023027256042e-15,3.896564886869026e-12,3.896564909544642e-12,-5.484717900317511e-19,3.896564904832391e-12,3.896564889306448e-12,-1.1249074642381511e-15,3.896564954882406e-12,7.760547607612238e-09,-1.1249073347027975e-15,-1.1249074846589636e-15,3.8965649503768795e-12,-1.1249074929039181e-15,3.896565014575296e-12,-1.1249075009734808e-15,3.896564892999161e-12,-1.1249074721403613e-15,-1.1249074890524402e-15,-1.124907404768301e-15,-5.361879021951596e-19,3.896564910930288e-12,3.896564216156234e-12,-1.1249074561644414e-15,3.896564935637018e-12,-5.5752883040905e-19,-1.1249074816781117e-15,3.89656490633591e-12,-1.1249074548363954e-15,-1.1249075549680859e-15,-1.124907406221195e-15,3.896564916746401e-12,3.896564954882406e-12,-1.1249073848009643e-15,3.896564891486398e-12,3.8965649503768795e-12,-1.124907481304071e-15,3.896564909544642e-12,3.896564951639633e-12,3.896564881324034e-12,-1.1249074717986333e-15,3.896564935637018e-12,-1.1249074006601758e-15,3.896564889306448e-12
1.0000163313653847,1.000023173654025,3.896567395420011e-12,1.0000231736540344,1.0000231736540333,3.8965652264798765e-12,3.896565209708514e-12,1.0000231736540344,1.000023173654034,1.0000217769981912,1.0000231736540333,1.0000231736540326,3.896565001937454e-12,1.0000193205866903,1.0000231736540326,1.0000225059212209,1.0000231736540333,1.0000231736540341,4.050880669821356e-12,1.0000231736540333,1.0000231736540324,1.0000231736540346,1.0000231736540341,3.896565028845823e-12,8.317339280660052e-09,1.0000231736540344,1.0000231736540317,4.050880308945858e-12,1.000023173654033,1.0000231736540333,3.896565165711251e-12,1.000023173654033,1.0000217769981918,3.89656435161802e-12,3.8965652772235006e-12,1.0000231736540333,3.89656527887564e-12,1.0000231979171372,3.896565459855732e-12,1.0000231736540344,3.8965652342261556e-12,3.896565296750447e-12,3.896564565691597e-12,4.0508808005093674e-12,1.0000231736540333,1.0000230401827062,3.896564863463247e-12,1.0000231736540335,4.050880686593869e-12,3.896565268229018e-12,1.0000231736540335,3.896565298734163e-12,3.8965654655223395e-12,3.896565030243144e-12,1.0000231736540344,1.0000231736540341,3.896564579627523e-12,1.0000231736540344,1.0000231736540324,3.896565365512984e-12,1.0000231736540341,1.0000231736540341,1.0000231736540333,3.896565270615722e-12,1.0000231736540341,3.8965646283269115e-12,1.0000231736540335
1.0000163071024515,1.0000231493909193,3.896567233271667e-12,1.0000231493909304,1.000023149390928,3.896565090397858e-12,3.896565089443492e-12,1.0000231493909297,1.000023149390929,1.0000217527351207,1.000023149390928,1.0000231493909284,3.8965649106777895e-12,1.0000231736540326,1.0000192720604806,1.0000224816581318,1.0000231493909297,1.0000231493909288,4.050880616245654e-12,1.0000231493909297,1.0000231493909277,1.0000231493909297,1.0000231493909286,3.8965649223507426e-12,4.176121802922367e-12,1.0000231493909286,1.0000231493909273,4.050880193359788e-12,1.0000231493909282,1.0000231493909286,3.896565047699813e-12,1.0000231493909282,1.0000217527351207,3.8965642037158235e-12,3.896565136743074e-12,1.0000231493909282,3.896565169157547e-12,1.0000231736540324,3.896565345314477e-12,1.00002314939093,3.8965651166527284e-12,3.896565245155049e-12,3.8965644455507294e-12,4.050880727984214e-12,1.000023149390927,1.0000230159196066,3.896564712099306e-12,1.0000231493909288,4.050880632842613e-12,3.896565157198701e-12,1.0000231493909295,3.896565152373769e-12,3.8965652666715146e-12,3.896564864443875e-12,1.0000231493909282,1.0000231493909286,3.89656441172799e-12,1.0000231493909286,1.0000231493909277,3.896565246322012e-12,1.0000231493909286,1.0000231493909286,1.0000231493909295,3.896565160931885e-12,1.0000231493909297,3.896564507754768e-12,1.0000231493909273
1.0000156393744069,1.0000224816581214,7.760559710325695e-09,1.0000224816581316,1.0000224816581305,7.76055544711701e-09,7.760555435934828e-09,1.0000224816581313,1.0000224816581322,1.0000210850032514,1.0000224816581302,1.0000224816581302,7.760555038871579e-09,1.0000225059212209,1.0000224816581318,1.000017936595332,1.0000224816581325,1.000022481658133,8.06789619725433e-09,1.0000224816581325,1.0000224816581305,1.000022481658133,1.0000224816581322,7.760555032206121e-09,8.317331738905495e-09,1.0000224816581325,1.0000224816581302,8.067895406529328e-09,1.00002248165813,1.000022481658132,7.76055534236603e-09,1.0000224816581305,1.0000210850032523,7.760553688835256e-09,7.76055551746256e-09,1.0000224816581307,7.760555652743942e-09,1.0000225059212198,7.760555913496279e-09,1.0000224816581338,7.76055546385214e-09,7.760555623048228e-09,7.76055414997638e-09,8.067896431276721e-09,1.00002248165813,1.0000223481868975,7.760554692108076e-09,1.0000224816581322,8.067896200329479e-09,7.760555495777074e-09,1.000022481658132,7.760555553884302e-09,7.760555891719263e-09,7.760555013274487e-09,1.0000224816581322,1.0000224816581325,7.76055410843065e-09,1.0000224816581307,1.0000224816581287,7.760555704206169e-09,1.0000224816581307,1.0000224816581318,1.0000224816581316,7.760555554159452e-09,1.0000224816581316,7.760554251128495e-09,1.0000224816581296
1.0000163071024548,1.0000231493909195,3.89656724219761e-12,1.0000231493909308,1.0000231493909288,3.896565069885854e-12,3.896565095289318e-12,1.0000231493909304,1.0000231493909306,1.0000217527351225,1.000023149390929,1.0000231493909304,3.896564947686137e-12,1.0000231736540333,1.0000231493909297,1.0000224816581325,1.0000192720604875,1.0000231493909315,4.0508806297867635e-12,1.0000231493909315,1.0000231493909297,1.0000231493909315,1.0000231493909308,3.8965648758264335e-12,4.176121810859852e-12,1.0000231493909317,1.0000231493909295,4.050880172098632e-12,1.0000231493909288,1.0000231493909306,3.896565098367602e-12,1.00002314939093,1.0000217527351218,3.896564194176012e-12,3.896565111517192e-12,1.00002314939093,3.896565178336521e-12,1.0000231736540333,3.896565332140072e-12,1.0000231493909315,3.896565082300722e-12,3.896565172789163e-12,3.8965644348816715e-12,4.050880665441223e-12,1.0000231493909286,1.0000230159196088,3.8965647463766606e-12,1.0000231493909315,4.0508805640234604e-12,3.896565140023382e-12,1.0000231493909308,3.896565138431224e-12,3.896565343497568e-12,3.896564876537707e-12,1.0000231493909302,1.0000231493909304,3.8965644694706925e-12,1.000023149390929,1.0000231493909297,3.8965652522601655e-12,1.0000231493909304,1.0000231493909304,1.0000231493909297,3.89656515617961e-12,1.00002314939093,3.896564507040963e-12,1.000023149390929
1.000016307102455,1.0000231493909193,3.896567217145988e-12,1.0000231493909293,1.0000231493909286,3.8965650905229475e-12,3.896565097295965e-12,1.0000231493909306,1.0000231493909297,1.000021752735122,1.0000231493909297,1.0000231493909286,3.8965648457782916e-12,1.0000231736540341,1.0000231493909288,1.000022481658133,1.0000231493909315,1.0000192720604806,4.050880516484269e-12,1.0000231493909313,1.0000231493909306,1.0000231493909304,1.0000231493909306,3.8965648909683026e-12,4.176121809500837e-12,1.0000231493909315,1.0000231493909295,4.050880128504689e-12,1.0000231493909286,1.0000231493909313,3.8965650556249326e-12,1.0000231493909297,1.000021752735122,3.896564218556924e-12,3.896565130063331e-12,1.00002314939093,3.896565190298589e-12,1.0000231736540341,3.896565345493244e-12,1.000023149390931,3.896565132143741e-12,3.896565245155049e-12,3.896564476470539e-12,4.050880782934357e-12,1.0000231493909286,1.000023015919608,3.896564706589496e-12,1.0000231493909304,4.050880607183784e-12,3.8965651144770245e-12,1.0000231493909297,3.896565197596828e-12,3.8965653533373324e-12,3.896564876790106e-12,1.0000231493909308,1.0000231493909306,3.8965644496317615e-12,1.00002314939093,1.0000231493909295,3.89656522932394e-12,1.00002314939093,1.00002314939093,1.0000231493909306,3.8965651587535656e-12,1.0000231493909308,3.896564515237473e-12,1.0000231493909295
2.7414539979195287e-07,4.0508805914486046e-12,-5.930371496821212e-19,4.050880567078391e-12,4.0508805823469e-12,-5.572458810161239e-19,-5.930371496821212e-19,4.050880567078391e-12,4.050880567078391e-12,4.050873184066395e-12,4.050880595462677e-12,4.050880567078391e-12,-5.2680479169434215e-19,4.050880669821356e-12,4.050880616245654e-12,8.06789619725433e-09,4.0508806297867635e-12,4.050880516484269e-12,-3.8773305636929154e-06,4.050880561655387e-12,4.050880595449228e-12,4.0508806146068764e-12,4.050880529905938e-12,-5.960783872386299e-19,-6.311713983285375e-19,4.0508805816766054e-12,4.050880642376535e-12,-1.0640301790054436e-15,4.0508805816766054e-12,4.0508806041239745e-12,-5.742895375974244e-19,4.050880598438598e-12,4.050873493209275e-12,-5.460177525570657e-19,-5.960699978211267e-19,4.0508806297867635e-12,-5.960699978211267e-19,4.0508806921045144e-12,-5.460177525570657e-19,4.0508805816766054e-12,-5.263643669240226e-19,-5.572458810161239e-19,-5.960699978211267e-19,-1.0640302516039844e-15,4.050880567078391e-12,8.067901776687481e-09,-5.484717900317511e-19,4.0508805816766054e-12,-1.0640302247362972e-15,-5.5752883040905e-19,4.050880561655387e-12,-6.107528676679864e-19,-5.415209526129009e-19,-5.683490602931672e-19,4.050880598438598e-12,4.050880593411303e-12,-6.107528676679864e-19,4.050880566433096e-12,4.050880598438598e-12,-5.247805600321331e-19,4.050880593411303e-12,4.050880512293639e-12,4.050880602113997e-12,-5.683490602931672e-19,4.0508805816766054e-12,-5.5752883040905e-19,4.050880567078391e-12
1.000016307102454,1.00002314939092,3.896567260840309e-12,1.00002314939093,1.0000231493909286,3.896565079642661e-12,3.896565130054584e-12,1.0000231493909304,1.00002314939093,1.0000217527351214,1.0000231493909288,1.000023149390929,3.8965649356373295e-12,1.0000231736540333,1.0000231493909297,1.0000224816581325,1.0000231493909315,1.0000231493909313,4.050880561655387e-12,1.0000192720604857,1.0000231493909297,1.0000231493909308,1.0000231493909297,3.8965648818949584e-12,4.176121764739732e-12,1.0000231493909306,1.0000231493909295,4.0508801282960795e-12,1.0000231493909288,1.0000231493909306,3.896565038769966e-12,1.0000231493909297,1.000021752735122,3.896564219118059e-12,3.896565130063331e-12,1.0000231493909288,3.89656520037556e-12,1.0000231736540333,3.896565318979018e-12,1.0000231493909313,3.896565111680359e-12,3.896565169810389e-12,3.8965644363823145e-12,4.050880665441223e-12,1.000023149390928,1.0000230159196073,3.896564712099306e-12,1.0000231493909306,4.050880506706493e-12,3.896565107777213e-12,1.0000231493909308,3.896565149715642e-12,3.896565352407764e-12,3.8965648233612575e-12,1.00002314939093,1.0000231493909297,3.896564411404655e-12,1.0000231493909286,1.000023149390929,3.896565241955381e-12,1.0000231493909288,1.000023149390929,1.0000231493909297,3.896565135194244e-12,1.0000231493909297,3.896564528278332e-12,1.0000231493909286
1.0000163071024541,1.0000231493909184,3.8965672441720544e-12,1.0000231493909286,1.0000231493909273,3.896565085166879e-12,3.896565069172151e-12,1.000023149390929,1.000023149390929,1.0000217527351216,1.0000231493909282,1.0000231493909277,3.8965649503768795e-12,1.0000231736540324,1.0000231493909277,1.0000224816581305,1.0000231493909297,1.0000231493909306,4.050880595449228e-12,1.0000231493909297,1.0000192720604844,1.0000231493909297,1.0000231493909295,3.896564890511543e-12,4.176121825038125e-12,1.0000231493909293,1.0000231493909277,4.050880218182812e-12,1.0000231493909282,1.000023149390929,3.8965650458851684e-12,1.0000231493909277,1.0000217527351203,3.896564200124619e-12,3.896565135117707e-12,1.0000231493909282,3.896565174556148e-12,1.0000231736540324,3.8965653432523085e-12,1.0000231493909306,3.896565109135181e-12,3.896565170539053e-12,3.8965644642359915e-12,4.0508807079854774e-12,1.0000231493909266,1.0000230159196069,3.896564687882579e-12,1.0000231493909293,4.0508806151464114e-12,3.896565117720865e-12,1.000023149390928,3.8965651598639594e-12,3.896565286700698e-12,3.896564857248354e-12,1.0000231493909297,1.0000231493909286,3.896564417154528e-12,1.0000231493909286,1.0000231493909277,3.896565252769305e-12,1.0000231493909288,1.0000231493909286,1.0000231493909286,3.89656515617961e-12,1.0000231493909297,3.896564541284734e-12,1.0000231493909277
1.000016307102455,1.0000231493909193,3.896567232907718e-12,1.00002314939093,1.0000231493909288,3.8965650972176676e-12,3.896565095255283e-12,1.0000231493909308,1.0000231493909306,1.0000217527351212,1.0000231493909304,1.00002314939093,3.896564910930288e-12,1.0000231736540346,1.0000231493909297,1.000022481658133,1.0000231493909315,1.0000231493909304,4.0508806146068764e-12,1.0000231493909308,1.0000231493909297,1.0000192720604824,1.0000231493909308,3.896564900936577e-12,4.176121814669792e-12,1.0000231493909308,1.0000231493909288,4.050880163640285e-12,1.0000231493909288,1.0000231493909306,3.896565065058086e-12,1.0000231493909306,1.0000217527351225,3.896564215890601e-12,3.896565166439388e-12,1.0000231493909288,3.896565176425095e-12,1.0000231736540346,3.896565328836979e-12,1.0000231493909308,3.896565109188565e-12,3.89656519275561e-12,3.8965644348876144e-12,4.05088069242942e-12,1.000023149390929,1.0000230159196077,3.896564687882579e-12,1.0000231493909306,4.050880640606742e-12,3.896565149733914e-12,1.0000231493909295,3.896565138431224e-12,3.8965653067976155e-12,3.896564875816928e-12,1.0000231493909304,1.0000231493909302,3.896564422878878e-12,1.0000231493909295,1.0000231493909284,3.89656522250374e-12,1.0000231493909295,1.00002314939093,1.0000231493909297,3.896565171623556e-12,1.0000231493909297,3.8965645099944056e-12,1.000023149390929
1.0000163071024577,1.00002314939092,3.896567221256859e-12,1.000023149390929,1.0000231493909295,3.8965650972176676e-12,3.89656510134504e-12,1.0000231493909295,1.0000231493909304,1.000021752735122,1.0000231493909295,1.000023149390929,3.896564947686137e-12,1.0000231736540341,1.0000231493909286,1.0000224816581322,1.0000231493909308,1.0000231493909306,4.050880529905938e-12,1.0000231493909297,1.0000231493909295,1.0000231493909308,1.00001927206048,3.896564859225125e-12,4.176121821274284e-12,1.0000231493909304,1.0000231493909282,4.0508801857492645e-12,1.0000231493909295,1.0000231493909297,3.896565090862828e-12,1.000023149390929,1.000021752735122,3.8965642250275665e-12,3.896565144193831e-12,1.0000231493909295,3.896565187956947e-12,1.0000231736540341,3.8965653399109035e-12,1.00002314939093,3.8965651155475634e-12,3.896565215453144e-12,3.8965644475582515e-12,4.050880678560914e-12,1.0000231493909286,1.0000230159196075,3.896564751556387e-12,1.0000231493909297,4.0508805640234604e-12,3.896565149038675e-12,1.0000231493909297,3.896565152120813e-12,3.896565293047802e-12,3.896564871916517e-12,1.0000231493909297,1.0000231493909297,3.896564415782962e-12,1.000023149390929,1.0000231493909295,3.89656521139685e-12,1.0000231493909306,1.0000231493909282,1.0000231493909297,3.896565171623556e-12,1.0000231493909286,3.896564504227713e-12,1.0000231493909288
2.738380624069998e-07,3.896564926248131e-12,-1.1249078268227004e-15,3.896564903992717e-12,3.896564913406869e-12,-1.1249074688140985e-15,-1.1249074612796661e-15,3.896564926248131e-12,3.896564872549838e-12,7.760547600946735e-09,3.896564872549838e-12,3.89656489709282e-12,-1.124907438218265e-15,3.896565028845823e-12,3.8965649223507426e-12,7.760555032206121e-09,3.8965648758264335e-12,3.8965648909683026e-12,-5.960783872386299e-19,3.8965648818949584e-12,3.896564890511543e-12,3.896564900936577e-12,3.896564859225125e-12,-3.877330562509505e-06,-1.1923022956532838e-15,3.8965649223507426e-12,3.896564828376812e-12,-5.960699978211267e-19,3.8965648547364985e-12,3.896564828376812e-12,-1.1249074575753828e-15,3.8965648758264335e-12,7.760547600946715e-09,-1.1249073280400448e-15,-1.1249074779962044e-15,3.896564895920431e-12,-1.1249074862411583e-15,3.896565000783387e-12,-1.1249074943107162e-15,3.8965649014406515e-12,-1.124907465477581e-15,-1.1249074823896804e-15,-1.1249073981055486e-15,-5.742895375974244e-19,3.896564926248131e-12,3.896564196311586e-12,-1.1249074495016705e-15,3.896564933087515e-12,-6.107528676679864e-19,-1.1249074750153542e-15,3.896564895920431e-12,-1.1249074481736387e-15,-1.1249075483052911e-15,-1.124907399558431e-15,3.896564828376812e-12,3.89656488460631e-12,-1.1249073781381842e-15,3.896564828376812e-12,3.8965649220083754e-12,-1.1249074746412853e-15,3.896564926248131e-12,3.8965649014406515e-12,3.896564884368177e-12,-1.1249074651358746e-15,3.8965648547364985e-12,-1.1249073939974243e-15,3.89656489709282e-12
2.743948334507215e-07,4.176121787275451e-12,-1.1923027144631356e-15,4.176121784943007e-12,4.176121840786012e-12,-1.1923023351378935e-15,-1.1923023271476354e-15,4.176121797484305e-12,4.176121783093508e-12,8.317323794424343e-09,4.176121791155576e-12,4.176121801334351e-12,-1.1923023027256042e-15,8.317339280660052e-09,4.176121802922367e-12,8.317331738905495e-09,4.176121810859852e-12,4.176121809500837e-12,-6.311713983285375e-19,4.176121764739732e-12,4.176121825038125e-12,4.176121814669792e-12,4.176121821274284e-12,-1.1923022956532838e-15,-3.877330564586396e-06,4.176121803788558e-12,4.176121840786012e-12,-5.91012311918005e-19,4.176121792821911e-12,4.1761218019398985e-12,-1.1923023232295082e-15,4.1761218019398985e-12,8.317323794424217e-09,-1.1923021859831507e-15,-1.1923023448723554e-15,4.176121821563395e-12,-1.192302353604459e-15,8.317339280660097e-09,-1.1923023621448643e-15,4.176121832644304e-12,-1.1923023315969545e-15,-1.1923023495234168e-15,-1.1923022602672896e-15,-5.428955415266671e-19,4.176121797484305e-12,4.176121090518302e-12,-1.1923023147307559e-15,4.176121840786012e-12,-5.428955415266671e-19,-1.1923023417120587e-15,4.176121791155576e-12,-1.1923023132382889e-15,-1.1923024194216796e-15,-1.1923022617173528e-15,4.176121840786012e-12,4.176121801334351e-12,-1.1923022390835634e-15,4.176121811628228e-12,4.1761218226346076e-12,-1.1923023412971658e-15,4.176121784943007e-12,4.176121832624689e-12,4.176121811628228e-12,-1.1923023312184377e-15,4.176121810244286e-12,-1.1923022558970164e-15,4.176121801334351e-12
1.000016307102456,1.0000231493909202,3.896567217044708e-12,1.0000231493909288,1.0000231493909293,3.89656509837084e-12,3.896565082500546e-12,1.0000231493909297,1.0000231493909297,1.0000217527351212,1.000023149390929,1.0000231493909288,3.896564886869026e-12,1.0000231736540344,1.0000231493909286,1.0000224816581325,1.0000231493909317,1.0000231493909315,4.0508805816766054e-12,1.0000231493909306,1.0000231493909293,1.0000231493909308,1.0000231493909304,3.8965649223507426e-12,4.176121803788558e-12,1.0000192720604844,1.000023149390928,4.050880174483334e-12,1.0000231493909295,1.0000231493909295,3.896565084090718e-12,1.0000231493909286,1.0000217527351212,3.896564221701929e-12,3.896565129148206e-12,1.000023149390929,3.8965651538897694e-12,1.0000231736540333,3.8965653404383975e-12,1.00002314939093,3.896565113141326e-12,3.89656519275561e-12,3.896564439633732e-12,4.050880690123669e-12,1.0000231493909286,1.0000230159196066,3.896564728586902e-12,1.00002314939093,4.050880588560639e-12,3.896565122330402e-12,1.0000231493909297,3.896565179842191e-12,3.896565347419346e-12,3.896564857295099e-12,1.0000231493909306,1.0000231493909306,3.896564424651507e-12,1.000023149390929,1.0000231493909286,3.8965652542817965e-12,1.00002314939093,1.0000231493909288,1.0000231493909293,3.896565138975125e-12,1.0000231493909297,3.896564513081115e-12,1.000023149390929
1.000016307102455,1.0000231493909182,3.896567260840309e-12,1.0000231493909282,1.0000231493909264,3.896565069885854e-12,3.8965650996317045e-12,1.0000231493909284,1.0000231493909295,1.0000217527351203,1.0000231493909266,1.0000231493909264,3.896564909544642e-12,1.0000231736540317,1.0000231493909273,1.0000224816581302,1.0000231493909295,1.0000231493909295,4.050880642376535e-12,1.0000231493909295,1.0000231493909277,1.0000231493909288,1.0000231493909282,3.896564828376812e-12,4.176121840786012e-12,1.000023149390928,1.0000192720604795,4.050880180246736e-12,1.0000231493909264,1.0000231493909277,3.8965650600087014e-12,1.0000231493909277,1.0000217527351212,3.896564217002e-12,3.896565112525561e-12,1.0000231493909277,3.8965651538897694e-12,1.0000231736540317,3.89656530804458e-12,1.0000231493909297,3.89656514264866e-12,3.896565179522896e-12,3.8965644642359915e-12,4.050880678560914e-12,1.000023149390926,1.0000230159196049,3.896564708189528e-12,1.0000231493909286,4.050880588560639e-12,3.896565157132381e-12,1.0000231493909282,3.896565159013087e-12,3.896565302754748e-12,3.896564876983702e-12,1.0000231493909284,1.0000231493909297,3.896564423975746e-12,1.000023149390928,1.000023149390927,3.896565235774438e-12,1.0000231493909277,1.0000231493909273,1.0000231493909282,3.896565158679302e-12,1.0000231493909284,3.896564515237473e-12,1.0000231493909264
2.7414539991486254e-07,4.0508801857492645e-12,-5.246596117395037e-19,4.0508801350670585e-12,4.050880180246736e-12,-5.960699978211267e-19,-5.257717366524748e-19,4.050880163640285e-12,4.050880174483334e-12,4.050872798042919e-12,4.0508801447644725e-12,4.0508802270058346e-12,-5.484717900317511e-19,4.050880308945858e-12,4.050880193359788e-12,8.067895406529328e-09,4.050880172098632e-12,4.050880128504689e-12,-1.0640301790054436e-15,4.0508801282960795e-12,4.050880218182812e-12,4.050880163640285e-12,4.0508801857492645e-12,-5.960699978211267e-19,-5.91012311918005e-19,4.050880174483334e-12,4.050880180246736e-12,-3.8773305636929154e-06,4.050880256262169e-12,4.050880192557504e-12,-5.5752883040905e-19,4.050880098966478e-12,4.050872888864705e-12,-5.480778420127313e-19,-5.930371496821212e-19,4.050880172562558e-12,-5.960699978211267e-19,4.050880189342071e-12,-5.544238219308685e-19,4.050880128504689e-12,-6.07522355406156e-19,-5.960699978211267e-19,-5.960783872386299e-19,-1.064030188237352e-15,4.0508801350670585e-12,8.067900985962005e-09,-5.742895375974244e-19,4.050880172562558e-12,-1.0640301613696649e-15,-5.960699978211267e-19,4.050880230407132e-12,-5.742895375974244e-19,-5.496122198880914e-19,-5.742895375974244e-19,4.050880239258485e-12,4.050880230407132e-12,-5.484717900317511e-19,4.0508801350670585e-12,4.050880213831653e-12,-5.212362759613342e-19,4.050880163640285e-12,4.050880163640285e-12,4.050880210637726e-12,-5.361879021951596e-19,4.050880099095001e-12,-6.07522355406156e-19,4.050880174483334e-12
1.000016307102452,1.00002314939092,3.896567218347317e-12,1.0000231493909282,1.000023149390929,3.896565104296601e-12,3.89656510439776e-12,1.000023149390929,1.0000231493909295,1.0000217527351207,1.000023149390929,1.0000231493909282,3.896564904832391e-12,1.000023173654033,1.0000231493909282,1.00002248165813,1.0000231493909288,1.0000231493909286,4.0508805816766054e-12,1.0000231493909288,1.0000231493909282,1.0000231493909288,1.0000231493909295,3.8965648547364985e-12,4.176121792821911e-12,1.0000231493909295,1.0000231493909264,4.050880256262169e-12,1.0000192720604828,1.000023149390929,3.896565041954391e-12,1.0000231493909286,1.0000217527351207,3.896564199281355e-12,3.896565130063331e-12,1.000023149390929,3.896565161921839e-12,1.000023173654033,3.896565310876002e-12,1.0000231493909293,3.89656512566013e-12,3.896565208496794e-12,3.896564468648826e-12,4.050880624241633e-12,1.0000231493909286,1.000023015919607,3.896564695855116e-12,1.0000231493909288,4.050880640606742e-12,3.896565157920739e-12,1.0000231493909282,3.896565157690268e-12,3.896565294588498e-12,3.8965648677201265e-12,1.0000231493909297,1.000023149390929,3.896564422878878e-12,1.0000231493909288,1.0000231493909277,3.896565222442647e-12,1.0000231493909288,1.0000231493909286,1.0000231493909295,3.89656511972497e-12,1.000023149390929,3.896564505437749e-12,1.0000231493909277
1.000016307102456,1.0000231493909202,3.896567249856483e-12,1.0000231493909288,1.000023149390929,3.896565076044652e-12,3.896565082500546e-12,1.000023149390929,1.0000231493909288,1.0000217527351212,1.0000231493909293,1.0000231493909277,3.896564889306448e-12,1.0000231736540333,1.0000231493909286,1.000022481658132,1.0000231493909306,1.0000231493909313,4.0508806041239745e-12,1.0000231493909306,1.000023149390929,1.0000231493909306,1.0000231493909297,3.896564828376812e-12,4.1761218019398985e-12,1.0000231493909295,1.0000231493909277,4.050880192557504e-12,1.000023149390929,1.0000192720604832,3.896565057998711e-12,1.0000231493909286,1.0000217527351212,3.8965642440316695e-12,3.89656511082241e-12,1.000023149390929,3.896565203882564e-12,1.0000231736540333,3.8965653082716174e-12,1.00002314939093,3.8965651166527284e-12,3.896565188604367e-12,3.896564433196508e-12,4.050880690123669e-12,1.0000231493909286,1.0000230159196066,3.896564687882579e-12,1.00002314939093,4.050880642967564e-12,3.896565157920739e-12,1.0000231493909288,3.8965651677289744e-12,3.896565302224376e-12,3.896564881118075e-12,1.0000231493909306,1.0000231493909306,3.8965644386982804e-12,1.000023149390929,1.0000231493909284,3.89656525413585e-12,1.000023149390929,1.0000231493909288,1.0000231493909293,3.896565160931885e-12,1.0000231493909295,3.8965645018374556e-12,1.0000231493909277
2.73838062512033e-07,3.8965650304935845e-12,-1.124907852842586e-15,3.896565027767911e-12,3.8965650622887505e-12,-1.1249074948339837e-15,-1.1249074872995534e-15,3.896565097656693e-12,3.8965650304935845e-12,7.760547911106545e-09,3.896565045354389e-12,3.8965650658646894e-12,-1.1249074642381511e-15,3.896565165711251e-12,3.896565047699813e-12,7.76055534236603e-09,3.896565098367602e-12,3.8965650556249326e-12,-5.742895375974244e-19,3.896565038769966e-12,3.8965650458851684e-12,3.896565065058086e-12,3.896565090862828e-12,-1.1249074575753828e-15,-1.1923023232295082e-15,3.896565084090718e-12,3.8965650600087014e-12,-5.5752883040905e-19,3.896565041954391e-12,3.896565057998711e-12,-3.877330562509505e-06,3.896565079780335e-12,7.76054791110658e-09,-1.1249073540599652e-15,-1.124907504016081e-15,3.896565065048978e-12,-1.1249075122610466e-15,3.8965651660399855e-12,-1.124907520330597e-15,3.896565096368455e-12,-1.1249074914974765e-15,-1.1249075084095657e-15,-1.124907424125427e-15,-5.402750899659364e-19,3.896565027767911e-12,3.896564338737587e-12,-1.1249074755215623e-15,3.896565063112174e-12,-5.572458810161239e-19,-1.1249075010352289e-15,3.896565065048978e-12,-1.1249074741935327e-15,-1.1249075743251995e-15,-1.1249074255783424e-15,3.896565011814975e-12,3.896565084090718e-12,-1.1249074041580644e-15,3.8965650246048615e-12,3.896565054412093e-12,-1.1249075006611785e-15,3.896565098367602e-12,3.896565066854246e-12,3.896565058905227e-12,-1.1249074911557777e-15,3.8965650304935845e-12,-1.1249074200173002e-15,3.896565058485552e-12
1.0000163071024541,1.000023149390919,3.896567213876455e-12,1.000023149390929,1.0000231493909288,3.896565069885854e-12,3.896565130054584e-12,1.0000231493909295,1.0000231493909288,1.0000217527351205,1.0000231493909288,1.0000231493909286,3.896564954882406e-12,1.000023173654033,1.0000231493909282,1.0000224816581305,1.00002314939093,1.0000231493909297,4.050880598438598e-12,1.0000231493909297,1.0000231493909277,1.0000231493909306,1.000023149390929,3.8965648758264335e-12,4.1761218019398985e-12,1.0000231493909286,1.0000231493909277,4.050880098966478e-12,1.0000231493909286,1.0000231493909286,3.896565079780335e-12,1.000019272060485,1.0000217527351203,3.896564237605866e-12,3.896565116340884e-12,1.0000231493909288,3.896565161921839e-12,1.000023173654033,3.896565306004372e-12,1.0000231493909306,3.896565127269804e-12,3.896565199919844e-12,3.896564470607538e-12,4.050880690123669e-12,1.0000231493909286,1.000023015919606,3.896564734577936e-12,1.0000231493909297,4.050880605285204e-12,3.896565166955554e-12,1.000023149390929,3.896565138817203e-12,3.896565331785324e-12,3.896564872578003e-12,1.0000231493909295,1.0000231493909302,3.896564479600752e-12,1.0000231493909286,1.0000231493909277,3.89656523596118e-12,1.0000231493909286,1.0000231493909293,1.000023149390929,3.896565135194244e-12,1.0000231493909297,3.896564515688674e-12,1.0000231493909282
1.0000149104565894,1.000021752735111,7.760552279062441e-09,1.0000217527351214,1.0000217527351207,7.76054801585748e-09,7.760548004675219e-09,1.0000217527351212,1.000021752735122,1.0000203560812537,1.0000217527351207,1.0000217527351207,7.760547607612238e-09,1.0000217769981918,1.0000217527351207,1.0000210850032523,1.0000217527351218,1.000021752735122,4.050873493209275e-12,1.000021752735122,1.0000217527351203,1.0000217527351225,1.000021752735122,7.760547600946715e-09,8.317323794424217e-09,1.0000217527351212,1.0000217527351212,4.050872888864705e-12,1.0000217527351207,1.0000217527351212,7.76054791110658e-09,1.0000217527351203,1.0000164787508075,7.760546257577113e-09,7.760548086202744e-09,1.0000217527351207,7.76054822148428e-09,1.0000217769981918,7.760548482236296e-09,1.000021752735122,7.760548032592647e-09,7.760548191788518e-09,7.76054671871796e-09,4.050873752662145e-12,1.0000217527351198,1.0000216192639828,7.760547260849082e-09,1.0000217527351218,4.050873129223455e-12,7.760548064517605e-09,1.000021752735122,7.760548122624539e-09,7.760548460459226e-09,7.760547582015208e-09,1.0000217527351212,1.0000217527351216,7.760546677172227e-09,1.000021752735121,1.0000217527351194,7.760548272946255e-09,1.0000217527351207,1.0000217527351216,1.0000217527351212,7.760548122899887e-09,1.0000217527351207,7.760546819869894e-09,1.0000217527351198
2.738380640785526e-07,3.896564200124619e-12,-1.1249077233072408e-15,3.896564244033111e-12,3.896564244033111e-12,-1.124907365298657e-15,-1.1249073577641931e-15,3.896564244050839e-12,3.8965642385009485e-12,7.760546257577023e-09,3.8965642385009485e-12,3.896564200124619e-12,-1.1249073347027975e-15,3.89656435161802e-12,3.8965642037158235e-12,7.760553688835256e-09,3.896564194176012e-12,3.896564218556924e-12,-5.460177525570657e-19,3.896564219118059e-12,3.896564200124619e-12,3.896564215890601e-12,3.8965642250275665e-12,-1.1249073280400448e-15,-1.1923021859831507e-15,3.896564221701929e-12,3.896564217002e-12,-5.480778420127313e-19,3.896564199281355e-12,3.8965642440316695e-12,-1.1249073540599652e-15,3.896564237605866e-12,7.760546257577113e-09,-3.877330562509505e-06,-1.1249073744807562e-15,3.896564217001814e-12,-1.1249073827257164e-15,3.896564350909657e-12,-1.1249073907952444e-15,3.896564222496398e-12,-1.1249073619621111e-15,-1.1249073788742267e-15,-1.1249072945901036e-15,-5.930371496821212e-19,3.8965641986640295e-12,3.896563547173914e-12,-1.1249073459862351e-15,3.896564219117827e-12,-5.930371496821212e-19,-1.1249073714999063e-15,3.896564200124619e-12,-1.1249073446582038e-15,-1.1249074447898465e-15,-1.1249072960429785e-15,3.896564244025047e-12,3.896564222496398e-12,-1.1249072746227271e-15,3.8965642037158235e-12,3.896564244989572e-12,-1.1249073711258399e-15,3.896564250041876e-12,3.896564192994366e-12,3.896564189073883e-12,-1.124907361620404e-15,3.896564263777398e-12,-1.1249072904819714e-15,3.8965641986640295e-12
2.7383806280712333e-07,3.896565116340884e-12,-1.124907873263398e-15,3.8965651457859585e-12,3.896565111517192e-12,-1.1249075152548202e-15,-1.124907507720365e-15,3.896565166559761e-12,3.896565101391097e-12,7.760548086202762e-09,3.896565104728978e-12,3.896565166439388e-12,-1.1249074846589636e-15,3.8965652772235006e-12,3.896565136743074e-12,7.76055551746256e-09,3.896565111517192e-12,3.896565130063331e-12,-5.960699978211267e-19,3.896565130063331e-12,3.896565135117707e-12,3.896565166439388e-12,3.896565144193831e-12,-1.1249074779962044e-15,-1.1923023448723554e-15,3.896565129148206e-12,3.896565112525561e-12,-5.930371496821212e-19,3.896565130063331e-12,3.89656511082241e-12,-1.124907504016081e-15,3.896565116340884e-12,7.760548086202744e-09,-1.1249073744807562e-15,-3.877330562509505e-06,3.896565105773805e-12,-1.1249075326818885e-15,3.896565269445437e-12,-1.1249075407514117e-15,3.896565101391097e-12,-1.1249075119182806e-15,-1.1249075288304033e-15,-1.1249074445462644e-15,-5.402750899659364e-19,3.896565104728978e-12,3.8965644312299575e-12,-1.124907495942379e-15,3.896565128835109e-12,-5.5752883040905e-19,-1.1249075214560682e-15,3.896565130063331e-12,-1.1249074946143395e-15,-1.1249075947460124e-15,-1.1249074459991541e-15,3.896565129071009e-12,3.896565101391097e-12,-1.124907424578905e-15,3.8965651351757475e-12,3.8965651606145976e-12,-1.1249075210819719e-15,3.896565128761199e-12,3.896565165668453e-12,3.896565112525561e-12,-1.1249075115765742e-15,3.89656512915506e-12,-1.124907440438117e-15,3.896565104728978e-12
1.0000163071024537,1.00002314939092,3.896567232890096e-12,1.000023149390929,1.0000231493909284,3.896565060560964e-12,3.8965650996317045e-12,1.0000231493909293,1.00002314939093,1.0000217527351198,1.0000231493909282,1.0000231493909273,3.8965649503768795e-12,1.0000231736540333,1.0000231493909282,1.0000224816581307,1.00002314939093,1.00002314939093,4.0508806297867635e-12,1.0000231493909288,1.0000231493909282,1.0000231493909288,1.0000231493909295,3.896564895920431e-12,4.176121821563395e-12,1.000023149390929,1.0000231493909277,4.050880172562558e-12,1.000023149390929,1.000023149390929,3.896565065048978e-12,1.0000231493909288,1.0000217527351207,3.896564217001814e-12,3.896565105773805e-12,1.0000192720604821,3.896565190298589e-12,1.000023173654033,3.896565275063023e-12,1.0000231493909297,3.896565113141326e-12,3.896565199919844e-12,3.896564463283485e-12,4.050880664363849e-12,1.0000231493909282,1.000023015919607,3.896564708702291e-12,1.0000231493909286,4.050880662864861e-12,3.8965651436155674e-12,1.000023149390929,3.896565166795254e-12,3.896565353823934e-12,3.896564857248354e-12,1.0000231493909297,1.0000231493909295,3.896564463808029e-12,1.000023149390929,1.0000231493909277,3.896565247691785e-12,1.0000231493909288,1.0000231493909286,1.0000231493909295,3.8965651393187075e-12,1.0000231493909297,3.896564503161521e-12,1.0000231493909277
2.73838062804742e-07,3.8965651538897694e-12,-1.1249078815083298e-15,3.89656517873481e-12,3.896565145984669e-12,-1.1249075234997394e-15,-1.1249075159653088e-15,3.89656522245194e-12,3.8965651538897694e-12,7.760548221484146e-09,3.89656520037556e-12,3.896565182803718e-12,-1.1249074929039181e-15,3.89656527887564e-12,3.896565169157547e-12,7.760555652743942e-09,3.896565178336521e-12,3.896565190298589e-12,-5.960699978211267e-19,3.89656520037556e-12,3.896565174556148e-12,3.896565176425095e-12,3.896565187956947e-12,-1.1249074862411583e-15,-1.192302353604459e-15,3.8965651538897694e-12,3.8965651538897694e-12,-5.960699978211267e-19,3.896565161921839e-12,3.896565203882564e-12,-1.1249075122610466e-15,3.896565161921839e-12,7.76054822148428e-09,-1.1249073827257164e-15,-1.1249075326818885e-15,3.896565190298589e-12,-3.877330562509505e-06,3.896565300588993e-12,-1.12490754899636e-15,3.8965651779351335e-12,-1.1249075201632408e-15,-1.1249075370753398e-15,-1.1249074527912067e-15,-5.742895375974244e-19,3.896565228265455e-12,3.896564527850553e-12,-1.1249075041873366e-15,3.89656520037556e-12,-5.361879021951596e-19,-1.1249075297010077e-15,3.8965651538897694e-12,-1.1249075028592954e-15,-1.1249076029909648e-15,-1.1249074542440646e-15,3.896565174556148e-12,3.896565174556148e-12,-1.1249074328238361e-15,3.896565174556148e-12,3.896565203882564e-12,-1.1249075293269455e-15,3.896565203214665e-12,3.89656520037556e-12,3.896565187574604e-12,-1.1249075198215228e-15,3.896565176425095e-12,-1.1249074486830794e-15,3.89656522245194e-12
1.0000163313653858,1.000023173654025,3.896567387200457e-12,1.0000231736540344,1.0000231736540333,3.8965652446597926e-12,3.8965652357408444e-12,1.0000231736540344,1.000023173654034,1.000021776998191,1.000023173654033,1.0000231736540317,3.896565014575296e-12,1.0000231979171372,1.0000231736540324,1.0000225059212198,1.0000231736540333,1.0000231736540341,4.0508806921045144e-12,1.0000231736540333,1.0000231736540324,1.0000231736540346,1.0000231736540341,3.896565000783387e-12,8.317339280660097e-09,1.0000231736540333,1.0000231736540317,4.050880189342071e-12,1.000023173654033,1.0000231736540333,3.8965651660399855e-12,1.000023173654033,1.0000217769981918,3.896564350909657e-12,3.896565269445437e-12,1.000023173654033,3.896565300588993e-12,1.0000193205866896,3.8965654683210994e-12,1.0000231736540341,3.896565208955003e-12,3.8965652925770285e-12,3.896564589052596e-12,4.0508808451577456e-12,1.0000231736540333,1.0000230401827055,3.896564859562215e-12,1.0000231736540333,4.050880626178699e-12,3.896565247765605e-12,1.0000231736540333,3.896565306216019e-12,3.89656545834342e-12,3.8965650108288744e-12,1.0000231736540341,1.000023173654034,3.8965645756755835e-12,1.0000231736540341,1.0000231736540324,3.8965653767385006e-12,1.0000231736540341,1.0000231736540335,1.0000231736540333,3.896565262904366e-12,1.0000231736540341,3.8965645790891414e-12,1.0000231736540335
2.738380634604048e-07,3.896565325812639e-12,-1.1249078895778888e-15,3.896565338883593e-12,3.8965653399109035e-12,-1.124907531569307e-15,-1.1249075240348626e-15,3.896565303024477e-12,3.896565325812639e-12,7.760548482236312e-09,3.89656532883855e-12,3.896565332139005e-12,-1.1249075009734808e-15,3.896565459855732e-12,3.896565345314477e-12,7.760555913496279e-09,3.896565332140072e-12,3.896565345493244e-12,-5.460177525570657e-19,3.896565318979018e-12,3.8965653432523085e-12,3.896565328836979e-12,3.8965653399109035e-12,-1.1249074943107162e-15,-1.1923023621448643e-15,3.8965653404383975e-12,3.89656530804458e-12,-5.544238219308685e-19,3.896565310876002e-12,3.8965653082716174e-12,-1.124907520330597e-15,3.896565306004372e-12,7.760548482236296e-09,-1.1249073907952444e-15,-1.1249075407514117e-15,3.896565275063023e-12,-1.12490754899636e-15,3.8965654683210994e-12,-3.877330562509505e-06,3.896565355265025e-12,-1.1249075282327954e-15,-1.1249075451448834e-15,-1.1249074608607629e-15,-5.960783872386299e-19,3.896565325812639e-12,3.896564654323149e-12,-1.1249075122568697e-15,3.896565328962807e-12,-5.960783872386299e-19,-1.1249075377705612e-15,3.896565336552811e-12,-1.1249075109288354e-15,-1.1249076110605237e-15,-1.1249074623136253e-15,3.8965653354521875e-12,3.896565336860915e-12,-1.1249074408933943e-15,3.896565308461329e-12,3.8965653070028185e-12,-1.124907537396505e-15,3.896565311435934e-12,3.896565324771159e-12,3.896565302026899e-12,-1.1249075278910676e-15,3.896565341091738e-12,-1.1249074567526224e-15,3.896565327265743e-12
1.000016307102457,1.0000231493909204,3.896567218485617e-12,1.0000231493909308,1.000023149390929,3.8965650905229475e-12,3.896565069172151e-12,1.0000231493909308,1.0000231493909308,1.0000217527351212,1.0000231493909293,1.0000231493909286,3.896564892999161e-12,1.0000231736540344,1.00002314939093,1.0000224816581338,1.0000231493909315,1.000023149390931,4.0508805816766054e-12,1.0000231493909313,1.0000231493909306,1.0000231493909308,1.00002314939093,3.8965649014406515e-12,4.176121832644304e-12,1.00002314939093,1.0000231493909297,4.050880128504689e-12,1.0000231493909293,1.00002314939093,3.896565096368455e-12,1.0000231493909306,1.000021752735122,3.896564222496398e-12,3.896565101391097e-12,1.0000231493909297,3.8965651779351335e-12,1.0000231736540341,3.896565355265025e-12,1.0000192720604857,3.896565099333962e-12,3.8965651710713795e-12,3.896564433196508e-12,4.0508807279842175e-12,1.000023149390929,1.0000230159196073,3.896564708189528e-12,1.0000231493909306,4.050880568527714e-12,3.896565137373972e-12,1.0000231493909306,3.896565179842191e-12,3.896565311717625e-12,3.896564851988689e-12,1.0000231493909308,1.0000231493909308,3.89656441290847e-12,1.0000231493909315,1.00002314939093,3.896565233936503e-12,1.0000231493909297,1.0000231493909297,1.0000231493909315,3.896565138592651e-12,1.0000231493909315,3.896564487786191e-12,1.0000231493909295
2.7383806240680725e-07,3.896565109135181e-12,-1.1249078607447813e-15,3.896565082300722e-12,3.896565093429916e-12,-1.1249075027361615e-15,-1.1249074952017447e-15,3.896565144457479e-12,3.896565103486229e-12,7.760548032592566e-09,3.896565109135181e-12,3.8965651018189324e-12,-1.1249074721403613e-15,3.8965652342261556e-12,3.8965651166527284e-12,7.76055546385214e-09,3.896565082300722e-12,3.896565132143741e-12,-5.263643669240226e-19,3.896565111680359e-12,3.896565109135181e-12,3.896565109188565e-12,3.8965651155475634e-12,-1.124907465477581e-15,-1.1923023315969545e-15,3.896565113141326e-12,3.89656514264866e-12,-6.07522355406156e-19,3.89656512566013e-12,3.8965651166527284e-12,-1.1249074914974765e-15,3.896565127269804e-12,7.760548032592647e-09,-1.1249073619621111e-15,-1.1249075119182806e-15,3.896565113141326e-12,-1.1249075201632408e-15,3.896565208955003e-12,-1.1249075282327954e-15,3.896565099333962e-12,-3.877330562509505e-06,-1.12490751631175e-15,-1.1249074320275976e-15,-5.361879021951596e-19,3.8965651466555305e-12,3.896564415768482e-12,-1.1249074834237554e-15,3.8965650878820846e-12,-5.742895375974244e-19,-1.1249075089374192e-15,3.8965650892626e-12,-1.1249074820957165e-15,-1.124907582227379e-15,-1.1249074334804853e-15,3.896565147802297e-12,3.896565093429916e-12,-1.124907412060254e-15,3.8965650892626e-12,3.896565103486229e-12,-1.1249075085633561e-15,3.896565095202947e-12,3.896565103486229e-12,3.896565103486229e-12,-1.1249074990579561e-15,3.8965651166527284e-12,-1.1249074279194956e-15,3.896565103486229e-12
2.7383806280704683e-07,3.896565203798731e-12,-1.1249078776568588e-15,3.896565236376588e-12,3.896565206251619e-12,-1.1249075196482653e-15,-1.1249075121138242e-15,3.8965651901464915e-12,3.896565209973905e-12,7.760548191788554e-09,3.896565245155049e-12,3.8965652538289305e-12,-1.1249074890524402e-15,3.896565296750447e-12,3.896565245155049e-12,7.760555623048228e-09,3.896565172789163e-12,3.896565245155049e-12,-5.572458810161239e-19,3.896565169810389e-12,3.896565170539053e-12,3.89656519275561e-12,3.896565215453144e-12,-1.1249074823896804e-15,-1.1923023495234168e-15,3.89656519275561e-12,3.896565179522896e-12,-5.960699978211267e-19,3.896565208496794e-12,3.896565188604367e-12,-1.1249075084095657e-15,3.896565199919844e-12,7.760548191788518e-09,-1.1249073788742267e-15,-1.1249075288304033e-15,3.896565199919844e-12,-1.1249075370753398e-15,3.8965652925770285e-12,-1.1249075451448834e-15,3.8965651710713795e-12,-1.12490751631175e-15,-3.877330562509505e-06,-1.1249074489397321e-15,-6.051968681409681e-19,3.896565215363631e-12,3.896564488097032e-12,-1.1249075003358516e-15,3.896565223563637e-12,-5.742895375974244e-19,-1.1249075258495417e-15,3.896565199919844e-12,-1.1249074990078112e-15,-1.1249075991394857e-15,-1.1249074503925982e-15,3.896565171214913e-12,3.896565219185628e-12,-1.1249074289723616e-15,3.896565188292284e-12,3.8965651967156086e-12,-1.1249075254754773e-15,3.896565169810389e-12,3.896565245155049e-12,3.896565236376588e-12,-1.124907515970057e-15,3.896565215453144e-12,-1.1249074448315914e-15,3.896565209973905e-12
2.7383806408258723e-07,3.896564460406715e-12,-1.124907793372731e-15,3.896564470607538e-12,3.896564433196508e-12,-1.1249074353641503e-15,-1.124907427829682e-15,3.896564440876158e-12,3.8965644488172665e-12,7.76054671871787e-09,3.896564437908245e-12,3.896564435092479e-12,-1.124907404768301e-15,3.896564565691597e-12,3.8965644455507294e-12,7.76055414997638e-09,3.8965644348816715e-12,3.896564476470539e-12,-5.960699978211267e-19,3.8965644363823145e-12,3.8965644642359915e-12,3.8965644348876144e-12,3.8965644475582515e-12,-1.1249073981055486e-15,-1.1923022602672896e-15,3.896564439633732e-12,3.8965644642359915e-12,-5.960783872386299e-19,3.896564468648826e-12,3.896564433196508e-12,-1.124907424125427e-15,3.896564470607538e-12,7.76054671871796e-09,-1.1249072945901036e-15,-1.1249074445462644e-15,3.896564463283485e-12,-1.1249074527912067e-15,3.896564589052596e-12,-1.1249074608607629e-15,3.896564433196508e-12,-1.1249074320275976e-15,-1.1249074489397321e-15,-3.877330562509505e-06,-5.317072819922402e-19,3.896564463283485e-12,3.896563752326695e-12,-1.1249074160517333e-15,3.89656444919332e-12,-6.249418195479049e-19,-1.1249074415653992e-15,3.896564447213552e-12,-1.1249074147236845e-15,-1.1249075148553407e-15,-1.124907366108465e-15,3.896564468120037e-12,3.896564463283485e-12,-1.1249073446882235e-15,3.896564472746685e-12,3.896564476103518e-12,-1.1249074411913198e-15,3.896564440876158e-12,3.896564433196508e-12,3.896564443559929e-12,-1.124907431685922e-15,3.8965644348876144e-12,-1.1249073605474466e-15,3.896564462102405e-12
2.741453999148595e-07,4.050880738302551e-12,-5.960699978211267e-19,4.050880664363849e-12,4.050880664363849e-12,-5.247805600321331e-19,-5.257717366524748e-19,4.050880678560914e-12,4.05088064195659e-12,4.050873214528616e-12,4.050880658147078e-12,4.050880658147078e-12,-5.361879021951596e-19,4.0508808005093674e-12,4.050880727984214e-12,8.067896431276721e-09,4.050880665441223e-12,4.050880782934357e-12,-1.0640302516039844e-15,4.050880665441223e-12,4.0508807079854774e-12,4.05088069242942e-12,4.050880678560914e-12,-5.742895375974244e-19,-5.428955415266671e-19,4.050880690123669e-12,4.050880678560914e-12,-1.064030188237352e-15,4.050880624241633e-12,4.050880690123669e-12,-5.402750899659364e-19,4.050880690123669e-12,4.050873752662145e-12,-5.930371496821212e-19,-5.402750899659364e-19,4.050880664363849e-12,-5.742895375974244e-19,4.0508808451577456e-12,-5.960783872386299e-19,4.0508807279842175e-12,-5.361879021951596e-19,-6.051968681409681e-19,-5.317072819922402e-19,-3.8773305636929154e-06,4.050880664363849e-12,8.067902010710105e-09,-5.960783872386299e-19,4.050880738302597e-12,-1.064030233968201e-15,-5.361879021951596e-19,4.050880663982553e-12,-5.2680479169434215e-19,-5.960699978211267e-19,-5.092918925697354e-19,4.050880624241633e-12,4.050880665441223e-12,-5.572458810161239e-19,4.050880679757998e-12,4.050880767385715e-12,-5.257717366524748e-19,4.050880679758753e-12,4.050880624241633e-12,4.0508807079854774e-12,-5.960783872386299e-19,4.050880678560914e-12,-5.960699978211267e-19,4.050880658147078e-12
1.0000163071024526,1.0000231493909182,3.896567230708933e-12,1.000023149390928,1.0000231493909277,3.8965650972176676e-12,3.896565095255283e-12,1.0000231493909288,1.0000231493909282,1.0000217527351198,1.0000231493909277,1.0000231493909266,3.896564910930288e-12,1.0000231736540333,1.000023149390927,1.00002248165813,1.0000231493909286,1.0000231493909286,4.050880567078391e-12,1.000023149390928,1.0000231493909266,1.000023149390929,1.0000231493909286,3.896564926248131e-12,4.176121797484305e-12,1.0000231493909286,1.000023149390926,4.0508801350670585e-12,1.0000231493909286,1.0000231493909286,3.896565027767911e-12,1.0000231493909286,1.0000217527351198,3.8965641986640295e-12,3.896565104728978e-12,1.0000231493909282,3.896565228265455e-12,1.0000231736540333,3.896565325812639e-12,1.000023149390929,3.8965651466555305e-12,3.896565215363631e-12,3.896564463283485e-12,4.050880664363849e-12,1.0000192720604828,1.000023015919606,3.8965646977148885e-12,1.0000231493909286,4.050880619144993e-12,3.8965651470548075e-12,1.0000231493909277,3.896565184780268e-12,3.8965653156591336e-12,3.896564860792194e-12,1.0000231493909286,1.000023149390929,3.896564430504452e-12,1.0000231493909273,1.0000231493909277,3.89656523596118e-12,1.0000231493909286,1.000023149390928,1.0000231493909277,3.896565150213679e-12,1.000023149390928,3.896564505406869e-12,1.0000231493909277
1.0000161736320774,1.0000230159195964,3.8965666337535995e-12,1.0000230159196062,1.0000230159196069,3.8965644604976335e-12,3.896564411007987e-12,1.0000230159196053,1.0000230159196069,1.000021619263982,1.0000230159196069,1.000023015919606,3.896564216156234e-12,1.0000230401827062,1.0000230159196066,1.0000223481868975,1.0000230159196088,1.000023015919608,8.067901776687481e-09,1.0000230159196073,1.0000230159196069,1.0000230159196077,1.0000230159196075,3.896564196311586e-12,4.176121090518302e-12,1.0000230159196066,1.0000230159196049,8.067900985962005e-09,1.000023015919607,1.0000230159196066,3.896564338737587e-12,1.000023015919606,1.0000216192639828,3.896563547173914e-12,3.8965644312299575e-12,1.000023015919607,3.896564527850553e-12,1.0000230401827055,3.896564654323149e-12,1.0000230159196073,3.896564415768482e-12,3.896564488097032e-12,3.896563752326695e-12,8.067902010710105e-09,1.000023015919606,1.0000190051178472,3.896564050016173e-12,1.000023015919607,8.067901779762631e-09,3.896564461025638e-12,1.0000230159196069,3.896564460435725e-12,3.89656463341345e-12,3.8965641900317164e-12,1.0000230159196077,1.0000230159196062,3.8965637919264986e-12,1.0000230159196066,1.0000230159196062,3.896564589918472e-12,1.0000230159196075,1.0000230159196053,1.0000230159196075,3.8965644393794265e-12,1.0000230159196066,3.8965638262594934e-12,1.000023015919606
2.7383806420131484e-07,3.8965647463766606e-12,-1.1249078447688756e-15,3.896564714472898e-12,3.896564736727171e-12,-1.1249074867602806e-15,-1.1249074792258364e-15,3.896564751556387e-12,3.896564712099306e-12,7.760547260849037e-09,3.896564712099306e-12,3.8965647463766606e-12,-1.1249074561644414e-15,3.896564863463247e-12,3.896564712099306e-12,7.760554692108076e-09,3.8965647463766606e-12,3.896564706589496e-12,-5.484717900317511e-19,3.896564712099306e-12,3.896564687882579e-12,3.896564687882579e-12,3.896564751556387e-12,-1.1249074495016705e-15,-1.1923023147307559e-15,3.896564728586902e-12,3.896564708189528e-12,-5.742895375974244e-19,3.896564695855116e-12,3.896564687882579e-12,-1.1249074755215623e-15,3.896564734577936e-12,7.760547260849082e-09,-1.1249073459862351e-15,-1.124907495942379e-15,3.896564708702291e-12,-1.1249075041873366e-15,3.896564859562215e-12,-1.1249075122568697e-15,3.896564708189528e-12,-1.1249074834237554e-15,-1.1249075003358516e-15,-1.1249074160517333e-15,-5.960783872386299e-19,3.8965646977148885e-12,3.896564050016173e-12,-3.877330562509505e-06,3.896564684973242e-12,-5.917987643956751e-19,-1.1249074929615493e-15,3.896564708189528e-12,-1.1249074661198177e-15,-1.1249075662514947e-15,-1.1249074175046182e-15,3.896564743528139e-12,3.896564713010569e-12,-1.1249073960843568e-15,3.896564734324741e-12,3.896564687882579e-12,-1.1249074925874691e-15,3.896564723245782e-12,3.896564711699317e-12,3.896564747218678e-12,-1.1249074830820346e-15,3.896564708825467e-12,-1.1249074119435896e-15,3.896564685518787e-12
1.0000163071024508,1.0000231493909193,3.896567230708933e-12,1.000023149390929,1.0000231493909286,3.8965650972176676e-12,3.8965650996317045e-12,1.0000231493909302,1.0000231493909295,1.0000217527351212,1.0000231493909286,1.0000231493909286,3.896564935637018e-12,1.0000231736540335,1.0000231493909288,1.0000224816581322,1.0000231493909315,1.0000231493909304,4.0508805816766054e-12,1.0000231493909306,1.0000231493909293,1.0000231493909306,1.0000231493909297,3.896564933087515e-12,4.176121840786012e-12,1.00002314939093,1.0000231493909286,4.050880172562558e-12,1.0000231493909288,1.00002314939093,3.896565063112174e-12,1.0000231493909297,1.0000217527351218,3.896564219117827e-12,3.896565128835109e-12,1.0000231493909286,3.89656520037556e-12,1.0000231736540333,3.896565328962807e-12,1.0000231493909306,3.8965650878820846e-12,3.896565223563637e-12,3.89656444919332e-12,4.050880738302597e-12,1.0000231493909286,1.000023015919607,3.896564684973242e-12,1.000019272060486,4.0508806363954576e-12,3.896565122330402e-12,1.0000231493909293,3.896565133799232e-12,3.896565285384401e-12,3.896564873689275e-12,1.0000231493909304,1.00002314939093,3.896564415782962e-12,1.000023149390929,1.0000231493909295,3.896565230924055e-12,1.0000231493909297,1.00002314939093,1.0000231493909302,3.896565150213679e-12,1.0000231493909304,3.896564541284734e-12,1.000023149390929
2.741453999162282e-07,4.050880625460492e-12,-5.930371496821212e-19,4.05088061067185e-12,4.050880617290553e-12,-5.930371496821212e-19,-5.5752883040905e-19,4.050880525586137e-12,4.05088061067185e-12,4.050873186785161e-12,4.0508805640234604e-12,4.05088061067185e-12,-5.5752883040905e-19,4.050880686593869e-12,4.050880632842613e-12,8.067896200329479e-09,4.0508805640234604e-12,4.050880607183784e-12,-1.0640302247362972e-15,4.050880506706493e-12,4.0508806151464114e-12,4.050880640606742e-12,4.0508805640234604e-12,-6.107528676679864e-19,-5.428955415266671e-19,4.050880588560639e-12,4.050880588560639e-12,-1.0640301613696649e-15,4.050880640606742e-12,4.050880642967564e-12,-5.572458810161239e-19,4.050880605285204e-12,4.050873129223455e-12,-5.930371496821212e-19,-5.5752883040905e-19,4.050880662864861e-12,-5.361879021951596e-19,4.050880626178699e-12,-5.960783872386299e-19,4.050880568527714e-12,-5.742895375974244e-19,-5.742895375974244e-19,-6.249418195479049e-19,-1.064030233968201e-15,4.050880619144993e-12,8.067901779762631e-09,-5.917987643956751e-19,4.0508806363954576e-12,-3.8773305636929154e-06,-5.212362759613342e-19,4.050880611078246e-12,-5.582591302987446e-19,-6.07522355406156e-19,-5.723634464657568e-19,4.05088061067185e-12,4.0508806125868796e-12,-5.2680479169434215e-19,4.050880607183784e-12,4.050880640606742e-12,-5.086226611418402e-19,4.0508805640234604e-12,4.050880616064817e-12,4.050880611078246e-12,-5.930371496821212e-19,4.050880632842613e-12,-5.723634464657568e-19,4.050880648438673e-12
2.73838062804742e-07,3.896565157132381e-12,-1.124907870282532e-15,3.896565109825405e-12,3.89656513303321e-12,-1.1249075122739436e-15,-1.1249075047395016e-15,3.8965651144770245e-12,3.896565166955554e-12,7.760548064517544e-09,3.8965651470548075e-12,3.8965651427415275e-12,-1.1249074816781117e-15,3.896565268229018e-12,3.896565157198701e-12,7.760555495777074e-09,3.896565140023382e-12,3.8965651144770245e-12,-5.5752883040905e-19,3.896565107777213e-12,3.896565117720865e-12,3.896565149733914e-12,3.896565149038675e-12,-1.1249074750153542e-15,-1.1923023417120587e-15,3.896565122330402e-12,3.896565157132381e-12,-5.960699978211267e-19,3.896565157920739e-12,3.896565157920739e-12,-1.1249075010352289e-15,3.896565166955554e-12,7.760548064517605e-09,-1.1249073714999063e-15,-1.1249075214560682e-15,3.8965651436155674e-12,-1.1249075297010077e-15,3.896565247765605e-12,-1.1249075377705612e-15,3.896565137373972e-12,-1.1249075089374192e-15,-1.1249075258495417e-15,-1.1249074415653992e-15,-5.361879021951596e-19,3.8965651470548075e-12,3.896564461025638e-12,-1.1249074929615493e-15,3.896565122330402e-12,-5.212362759613342e-19,-3.877330562509505e-06,3.896565153713103e-12,-1.1249074916334935e-15,-1.1249075917651542e-15,-1.1249074430182572e-15,3.896565166955554e-12,3.8965651427415275e-12,-1.1249074215980407e-15,3.896565113528717e-12,3.896565157132381e-12,-1.1249075181011418e-15,3.896565166955554e-12,3.8965651492461116e-12,3.8965651419349376e-12,-1.1249075085957105e-15,3.896565133261556e-12,-1.1249074374572633e-15,3.896565120134256e-12
1.0000163071024546,1.00002314939092,3.896567224804235e-12,1.0000231493909288,1.0000231493909284,3.896565104296601e-12,3.896565069172151e-12,1.0000231493909297,1.0000231493909297,1.0000217527351216,1.000023149390929,1.0000231493909286,3.89656490633591e-12,1.0000231736540335,1.0000231493909295,1.000022481658132,1.0000231493909308,1.0000231493909297,4.050880561655387e-12,1.0000231493909308,1.000023149390928,1.0000231493909295,1.0000231493909297,3.896564895920431e-12,4.176121791155576e-12,1.0000231493909297,1.0000231493909282,4.050880230407132e-12,1.0000231493909282,1.0000231493909288,3.896565065048978e-12,1.000023149390929,1.000021752735122,3.896564200124619e-12,3.896565130063331e-12,1.000023149390929,3.8965651538897694e-12,1.0000231736540333,3.896565336552811e-12,1.0000231493909306,3.8965650892626e-12,3.896565199919844e-12,3.896564447213552e-12,4.050880663982553e-12,1.0000231493909277,1.0000230159196069,3.896564708189528e-12,1.0000231493909293,4.050880611078246e-12,3.896565153713103e-12,1.0000192720604815,3.896565163231309e-12,3.89656531224677e-12,3.8965648753309224e-12,1.000023149390929,1.0000231493909297,3.896564423803282e-12,1.0000231493909286,1.0000231493909277,3.896565227229454e-12,1.000023149390929,1.0000231493909295,1.0000231493909288,3.89656512877054e-12,1.0000231493909295,3.896564546636401e-12,1.000023149390928
2.738380634472962e-07,3.8965651565750675e-12,-1.1249078434408426e-15,3.896565159013087e-12,3.896565152887399e-12,-1.1249074854322222e-15,-1.1249074778977794e-15,3.896565155675232e-12,3.896565154191324e-12,7.760548122624539e-09,3.896565162193008e-12,3.896565122749721e-12,-1.1249074548363954e-15,3.896565298734163e-12,3.896565152373769e-12,7.760555553884302e-09,3.896565138431224e-12,3.896565197596828e-12,-6.107528676679864e-19,3.896565149715642e-12,3.8965651598639594e-12,3.896565138431224e-12,3.896565152120813e-12,-1.1249074481736387e-15,-1.1923023132382889e-15,3.896565179842191e-12,3.896565159013087e-12,-5.742895375974244e-19,3.896565157690268e-12,3.8965651677289744e-12,-1.1249074741935327e-15,3.896565138817203e-12,7.760548122624539e-09,-1.1249073446582038e-15,-1.1249074946143395e-15,3.896565166795254e-12,-1.1249075028592954e-15,3.896565306216019e-12,-1.1249075109288354e-15,3.896565179842191e-12,-1.1249074820957165e-15,-1.1249074990078112e-15,-1.1249074147236845e-15,-5.2680479169434215e-19,3.896565184780268e-12,3.896564460435725e-12,-1.1249074661198177e-15,3.896565133799232e-12,-5.582591302987446e-19,-1.1249074916334935e-15,3.896565163231309e-12,-3.877330562509505e-06,-1.1249075649234419e-15,-1.124907416176566e-15,3.896565198993199e-12,3.896565157690268e-12,-1.1249073947563266e-15,3.896565157690268e-12,3.896565148531713e-12,-1.1249074912594212e-15,3.89656515341839e-12,3.896565157690268e-12,3.896565163134086e-12,-1.124907481754011e-15,3.896565162193008e-12,-1.1249074106155456e-15,3.896565179842191e-12
2.7383806280477e-07,3.896565283500864e-12,-1.1249079435724948e-15,3.8965652666715146e-12,3.8965653166867165e-12,-1.124907585563891e-15,-1.1249075780294738e-15,3.896565342360483e-12,3.8965652995831926e-12,7.760548460459207e-09,3.8965653053883154e-12,3.8965653229142305e-12,-1.1249075549680859e-15,3.8965654655223395e-12,3.8965652666715146e-12,7.760555891719263e-09,3.896565343497568e-12,3.8965653533373324e-12,-5.415209526129009e-19,3.896565352407764e-12,3.896565286700698e-12,3.8965653067976155e-12,3.896565293047802e-12,-1.1249075483052911e-15,-1.1923024194216796e-15,3.896565347419346e-12,3.896565302754748e-12,-5.496122198880914e-19,3.896565294588498e-12,3.896565302224376e-12,-1.1249075743251995e-15,3.896565331785324e-12,7.760548460459226e-09,-1.1249074447898465e-15,-1.1249075947460124e-15,3.896565353823934e-12,-1.1249076029909648e-15,3.89656545834342e-12,-1.1249076110605237e-15,3.896565311717625e-12,-1.124907582227379e-15,-1.1249075991394857e-15,-1.1249075148553407e-15,-5.960699978211267e-19,3.8965653156591336e-12,3.89656463341345e-12,-1.1249075662514947e-15,3.896565285384401e-12,-6.07522355406156e-19,-1.1249075917651542e-15,3.89656531224677e-12,-1.1249075649234419e-15,-3.877330562509505e-06,-1.124907516308222e-15,3.89656532144334e-12,3.896565323702989e-12,-1.124907494888001e-15,3.896565294589048e-12,3.896565283500864e-12,-1.1249075913911002e-15,3.896565347419346e-12,3.896565347032724e-12,3.896565353337796e-12,-1.124907581885666e-15,3.896565292919902e-12,-1.1249075107472154e-15,3.8965653229142305e-12
2.738380634599726e-07,3.896564876788634e-12,-1.1249077948256146e-15,3.896564873420092e-12,3.896564884214733e-12,-1.1249074368170222e-15,-1.1249074292825752e-15,3.896564864443875e-12,3.896564873689275e-12,7.760547582015172e-09,3.896564851988689e-12,3.896564875816928e-12,-1.124907406221195e-15,3.896565030243144e-12,3.896564864443875e-12,7.760555013274487e-09,3.896564876537707e-12,3.896564876790106e-12,-5.683490602931672e-19,3.8965648233612575e-12,3.896564857248354e-12,3.896564875816928e-12,3.896564871916517e-12,-1.124907399558431e-15,-1.1923022617173528e-15,3.896564857295099e-12,3.896564876983702e-12,-5.742895375974244e-19,3.8965648677201265e-12,3.896564881118075e-12,-1.1249074255783424e-15,3.896564872578003e-12,7.760547582015208e-09,-1.1249072960429785e-15,-1.1249074459991541e-15,3.896564857248354e-12,-1.1249074542440646e-15,3.8965650108288744e-12,-1.1249074623136253e-15,3.896564851988689e-12,-1.1249074334804853e-15,-1.1249074503925982e-15,-1.124907366108465e-15,-5.092918925697354e-19,3.896564860792194e-12,3.8965641900317164e-12,-1.1249074175046182e-15,3.896564873689275e-12,-5.723634464657568e-19,-1.1249074430182572e-15,3.8965648753309224e-12,-1.124907416176566e-15,-1.124907516308222e-15,-3.877330562509505e-06,3.896564875816928e-12,3.8965648664154494e-12,-1.1249073461411112e-15,3.896564851988689e-12,3.896564860372518e-12,-1.124907442644196e-15,3.896564834502517e-12,3.896564876790106e-12,3.896564857248354e-12,-1.124907433138777e-15,3.8965648677201265e-12,-1.1249073620003375e-15,3.8965648677201265e-12
1.000016307102455,1.000023149390919,3.896567232546732e-12,1.0000231493909286,1.0000231493909286,3.896565071076057e-12,3.89656508074597e-12,1.0000231493909297,1.0000231493909295,1.000021752735122,1.0000231493909297,1.0000231493909286,3.896564916746401e-12,1.0000231736540344,1.0000231493909282,1.0000224816581322,1.0000231493909302,1.0000231493909308,4.050880598438598e-12,1.00002314939093,1.0000231493909297,1.0000231493909304,1.0000231493909297,3.896564828376812e-12,4.176121840786012e-12,1.0000231493909306,1.0000231493909284,4.050880239258485e-12,1.0000231493909297,1.0000231493909306,3.896565011814975e-12,1.0000231493909295,1.0000217527351212,3.896564244025047e-12,3.896565129071009e-12,1.0000231493909297,3.896565174556148e-12,1.0000231736540341,3.8965653354521875e-12,1.0000231493909308,3.896565147802297e-12,3.896565171214913e-12,3.896564468120037e-12,4.050880624241633e-12,1.0000231493909286,1.0000230159196077,3.896564743528139e-12,1.0000231493909304,4.05088061067185e-12,3.896565166955554e-12,1.000023149390929,3.896565198993199e-12,3.89656532144334e-12,3.896564875816928e-12,1.0000192720604806,1.00002314939093,3.896564424663879e-12,1.000023149390929,1.000023149390929,3.896565269524471e-12,1.00002314939093,1.000023149390929,1.0000231493909295,3.896565160893829e-12,1.0000231493909288,3.896564531385371e-12,1.0000231493909288
1.0000163071024548,1.0000231493909193,3.896567230708933e-12,1.0000231493909295,1.000023149390929,3.896565071076057e-12,3.8965650996317045e-12,1.0000231493909297,1.00002314939093,1.0000217527351212,1.0000231493909295,1.0000231493909297,3.896564954882406e-12,1.0000231736540341,1.0000231493909286,1.0000224816581325,1.0000231493909304,1.0000231493909306,4.050880593411303e-12,1.0000231493909297,1.0000231493909286,1.0000231493909302,1.0000231493909297,3.89656488460631e-12,4.176121801334351e-12,1.0000231493909306,1.0000231493909297,4.050880230407132e-12,1.000023149390929,1.0000231493909306,3.896565084090718e-12,1.0000231493909302,1.0000217527351216,3.896564222496398e-12,3.896565101391097e-12,1.0000231493909295,3.896565174556148e-12,1.000023173654034,3.896565336860915e-12,1.0000231493909308,3.896565093429916e-12,3.896565219185628e-12,3.896564463283485e-12,4.050880665441223e-12,1.000023149390929,1.0000230159196062,3.896564713010569e-12,1.00002314939093,4.0508806125868796e-12,3.8965651427415275e-12,1.0000231493909297,3.896565157690268e-12,3.896565323702989e-12,3.8965648664154494e-12,1.00002314939093,1.0000192720604806,3.896564430956917e-12,1.0000231493909288,1.0000231493909286,3.896565227229454e-12,1.0000231493909304,1.000023149390929,1.0000231493909297,3.896565160893829e-12,1.0000231493909295,3.896564477555784e-12,1.0000231493909282
2.738380640854582e-07,3.8965644434673894e-12,-1.124907773405381e-15,3.8965644496317615e-12,3.896564423803282e-12,-1.124907415396784e-15,-1.1249074078623335e-15,3.896564449648625e-12,3.89656445246564e-12,7.760546677172193e-09,3.896564423803282e-12,3.896564423800823e-12,-1.1249073848009643e-15,3.896564579627523e-12,3.89656441172799e-12,7.76055410843065e-09,3.8965644694706925e-12,3.8965644496317615e-12,-6.107528676679864e-19,3.896564411404655e-12,3.896564417154528e-12,3.896564422878878e-12,3.896564415782962e-12,-1.1249073781381842e-15,-1.1923022390835634e-15,3.896564424651507e-12,3.896564423975746e-12,-5.484717900317511e-19,3.896564422878878e-12,3.8965644386982804e-12,-1.1249074041580644e-15,3.896564479600752e-12,7.760546677172227e-09,-1.1249072746227271e-15,-1.124907424578905e-15,3.896564463808029e-12,-1.1249074328238361e-15,3.8965645756755835e-12,-1.1249074408933943e-15,3.89656441290847e-12,-1.124907412060254e-15,-1.1249074289723616e-15,-1.1249073446882235e-15,-5.572458810161239e-19,3.896564430504452e-12,3.8965637919264986e-12,-1.1249073960843568e-15,3.896564415782962e-12,-5.2680479169434215e-19,-1.1249074215980407e-15,3.896564423803282e-12,-1.1249073947563266e-15,-1.124907494888001e-15,-1.1249073461411112e-15,3.896564424663879e-12,3.896564430956917e-12,-3.877330562509505e-06,3.89656441172799e-12,3.89656441290847e-12,-1.1249074212239635e-15,3.89656441290847e-12,3.896564453744438e-12,3.8965644261387295e-12,-1.1249074117185304e-15,3.89656445246556e-12,-1.1249073405800862e-15,3.896564415782962e-12
1.0000163071024546,1.0000231493909202,3.896567218485617e-12,1.0000231493909288,1.000023149390928,3.896565071076057e-12,3.8965650982593166e-12,1.0000231493909297,1.0000231493909295,1.0000217527351216,1.0000231493909288,1.0000231493909282,3.896564891486398e-12,1.0000231736540344,1.0000231493909286,1.0000224816581307,1.000023149390929,1.00002314939093,4.050880566433096e-12,1.0000231493909286,1.0000231493909286,1.0000231493909295,1.000023149390929,3.896564828376812e-12,4.176121811628228e-12,1.000023149390929,1.000023149390928,4.0508801350670585e-12,1.0000231493909288,1.000023149390929,3.8965650246048615e-12,1.0000231493909286,1.000021752735121,3.8965642037158235e-12,3.8965651351757475e-12,1.000023149390929,3.896565174556148e-12,1.0000231736540341,3.896565308461329e-12,1.0000231493909315,3.8965650892626e-12,3.896565188292284e-12,3.896564472746685e-12,4.050880679757998e-12,1.0000231493909273,1.0000230159196066,3.896564734324741e-12,1.000023149390929,4.050880607183784e-12,3.896565113528717e-12,1.0000231493909286,3.896565157690268e-12,3.896565294589048e-12,3.896564851988689e-12,1.000023149390929,1.0000231493909288,3.89656441172799e-12,1.0000192720604788,1.0000231493909286,3.89656521139685e-12,1.000023149390929,1.0000231493909288,1.00002314939093,3.896565152485813e-12,1.0000231493909302,3.896564501869863e-12,1.0000231493909277
1.0000163071024502,1.000023149390919,3.89656724219761e-12,1.0000231493909286,1.0000231493909282,3.896565071076057e-12,3.896565130054584e-12,1.0000231493909288,1.0000231493909286,1.0000217527351203,1.000023149390928,1.0000231493909282,3.8965649503768795e-12,1.0000231736540324,1.0000231493909277,1.0000224816581287,1.0000231493909297,1.0000231493909295,4.050880598438598e-12,1.000023149390929,1.0000231493909277,1.0000231493909284,1.0000231493909295,3.8965649220083754e-12,4.1761218226346076e-12,1.0000231493909286,1.000023149390927,4.050880213831653e-12,1.0000231493909277,1.0000231493909284,3.896565054412093e-12,1.0000231493909277,1.0000217527351194,3.896564244989572e-12,3.8965651606145976e-12,1.0000231493909277,3.896565203882564e-12,1.0000231736540324,3.8965653070028185e-12,1.00002314939093,3.896565103486229e-12,3.8965651967156086e-12,3.896564476103518e-12,4.050880767385715e-12,1.0000231493909277,1.0000230159196062,3.896564687882579e-12,1.0000231493909295,4.050880640606742e-12,3.896565157132381e-12,1.0000231493909277,3.896565148531713e-12,3.896565283500864e-12,3.896564860372518e-12,1.000023149390929,1.0000231493909286,3.89656441290847e-12,1.0000231493909286,1.0000192720604797,3.896565230912913e-12,1.0000231493909282,1.0000231493909286,1.0000231493909286,3.896565163585271e-12,1.000023149390929,3.896564501276945e-12,1.000023149390927
2.7383806346040427e-07,3.896565221566466e-12,-1.1249078699084732e-15,3.896565246872621e-12,3.8965652485996845e-12,-1.1249075118998686e-15,-1.1249075043654541e-15,3.896565250898231e-12,3.896565252769305e-12,7.760548272946301e-09,3.896565255172829e-12,3.896565263259803e-12,-1.124907481304071e-15,3.896565365512984e-12,3.896565246322012e-12,7.760555704206169e-09,3.8965652522601655e-12,3.89656522932394e-12,-5.247805600321331e-19,3.896565241955381e-12,3.896565252769305e-12,3.89656522250374e-12,3.89656521139685e-12,-1.1249074746412853e-15,-1.1923023412971658e-15,3.8965652542817965e-12,3.896565235774438e-12,-5.212362759613342e-19,3.896565222442647e-12,3.89656525413585e-12,-1.1249075006611785e-15,3.89656523596118e-12,7.760548272946255e-09,-1.1249073711258399e-15,-1.1249075210819719e-15,3.896565247691785e-12,-1.1249075293269455e-15,3.8965653767385006e-12,-1.124907537396505e-15,3.896565233936503e-12,-1.1249075085633561e-15,-1.1249075254754773e-15,-1.1249074411913198e-15,-5.257717366524748e-19,3.89656523596118e-12,3.896564589918472e-12,-1.1249074925874691e-15,3.896565230924055e-12,-5.086226611418402e-19,-1.1249075181011418e-15,3.896565227229454e-12,-1.1249074912594212e-15,-1.1249075913911002e-15,-1.124907442644196e-15,3.896565269524471e-12,3.896565227229454e-12,-1.1249074212239635e-15,3.89656521139685e-12,3.896565230912913e-12,-3.877330562509505e-06,3.896565233413016e-12,3.89656522118573e-12,3.896565262209438e-12,-1.1249075082216383e-15,3.89656522932394e-12,-1.1249074370831953e-15,3.896565250886173e-12
1.0000163071024537,1.0000231493909195,3.896567218347317e-12,1.0000231493909295,1.0000231493909284,3.896565095762859e-12,3.8965650996317045e-12,1.0000231493909297,1.0000231493909293,1.0000217527351207,1.0000231493909288,1.0000231493909273,3.896564909544642e-12,1.0000231736540341,1.0000231493909286,1.0000224816581307,1.0000231493909304,1.00002314939093,4.050880593411303e-12,1.0000231493909288,1.0000231493909288,1.0000231493909295,1.0000231493909306,3.896564926248131e-12,4.176121784943007e-12,1.00002314939093,1.0000231493909277,4.050880163640285e-12,1.0000231493909288,1.000023149390929,3.896565098367602e-12,1.0000231493909286,1.0000217527351207,3.896564250041876e-12,3.896565128761199e-12,1.0000231493909288,3.896565203214665e-12,1.0000231736540341,3.896565311435934e-12,1.0000231493909297,3.896565095202947e-12,3.896565169810389e-12,3.896564440876158e-12,4.050880679758753e-12,1.0000231493909286,1.0000230159196075,3.896564723245782e-12,1.0000231493909297,4.0508805640234604e-12,3.896565166955554e-12,1.000023149390929,3.89656515341839e-12,3.896565347419346e-12,3.896564834502517e-12,1.00002314939093,1.0000231493909304,3.89656441290847e-12,1.000023149390929,1.0000231493909282,3.896565233413016e-12,1.000019272060482,1.0000231493909295,1.0000231493909293,3.896565147126649e-12,1.00002314939093,3.8965645150149226e-12,1.0000231493909277
1.000016307102454,1.00002314939092,3.896567258125411e-12,1.0000231493909297,1.0000231493909286,3.8965650943431915e-12,3.896565120743047e-12,1.0000231493909297,1.0000231493909286,1.0000217527351207,1.0000231493909286,1.0000231493909282,3.896564951639633e-12,1.0000231736540341,1.0000231493909286,1.0000224816581318,1.0000231493909304,1.00002314939093,4.050880512293639e-12,1.000023149390929,1.0000231493909286,1.00002314939093,1.0000231493909282,3.8965649014406515e-12,4.176121832624689e-12,1.0000231493909288,1.0000231493909273,4.050880163640285e-12,1.0000231493909286,1.0000231493909288,3.896565066854246e-12,1.0000231493909293,1.0000217527351216,3.896564192994366e-12,3.896565165668453e-12,1.0000231493909286,3.89656520037556e-12,1.0000231736540335,3.896565324771159e-12,1.0000231493909297,3.896565103486229e-12,3.896565245155049e-12,3.896564433196508e-12,4.050880624241633e-12,1.000023149390928,1.0000230159196053,3.896564711699317e-12,1.00002314939093,4.050880616064817e-12,3.8965651492461116e-12,1.0000231493909295,3.896565157690268e-12,3.896565347032724e-12,3.896564876790106e-12,1.000023149390929,1.000023149390929,3.896564453744438e-12,1.0000231493909288,1.0000231493909286,3.89656522118573e-12,1.0000231493909295,1.0000192720604806,1.0000231493909304,3.896565128350194e-12,1.000023149390929,3.8965645018374556e-12,1.0000231493909282
1.0000163071024541,1.0000231493909204,3.896567258125411e-12,1.000023149390929,1.0000231493909286,3.896565076044652e-12,3.8965650982593166e-12,1.0000231493909306,1.0000231493909295,1.0000217527351216,1.0000231493909297,1.000023149390928,3.896564881324034e-12,1.0000231736540333,1.0000231493909295,1.0000224816581316,1.0000231493909297,1.0000231493909306,4.050880602113997e-12,1.0000231493909297,1.0000231493909286,1.0000231493909297,1.0000231493909297,3.896564884368177e-12,4.176121811628228e-12,1.0000231493909293,1.0000231493909282,4.050880210637726e-12,1.0000231493909295,1.0000231493909293,3.896565058905227e-12,1.000023149390929,1.0000217527351212,3.896564189073883e-12,3.896565112525561e-12,1.0000231493909295,3.896565187574604e-12,1.0000231736540333,3.896565302026899e-12,1.0000231493909315,3.896565103486229e-12,3.896565236376588e-12,3.896564443559929e-12,4.0508807079854774e-12,1.0000231493909277,1.0000230159196075,3.896564747218678e-12,1.0000231493909302,4.050880611078246e-12,3.8965651419349376e-12,1.0000231493909288,3.896565163134086e-12,3.896565353337796e-12,3.896564857248354e-12,1.0000231493909295,1.0000231493909297,3.8965644261387295e-12,1.00002314939093,1.0000231493909286,3.896565262209438e-12,1.0000231493909293,1.0000231493909304,1.000019272060485,3.8965651547363314e-12,1.0000231493909297,3.89656451357054e-12,1.0000231493909282
2.7383806280013245e-07,3.89656515617961e-12,-1.1249078604030393e-15,3.8965651546807964e-12,3.896565201940706e-12,-1.1249075023944581e-15,-1.124907494860015e-15,3.896565148058557e-12,3.896565158679275e-12,7.760548122899895e-09,3.896565145490023e-12,3.896565147836732e-12,-1.1249074717986333e-15,3.896565270615722e-12,3.896565160931885e-12,7.760555554159452e-09,3.89656515617961e-12,3.8965651587535656e-12,-5.683490602931672e-19,3.896565135194244e-12,3.89656515617961e-12,3.896565171623556e-12,3.896565171623556e-12,-1.1249074651358746e-15,-1.1923023312184377e-15,3.896565138975125e-12,3.896565158679302e-12,-5.361879021951596e-19,3.89656511972497e-12,3.896565160931885e-12,-1.1249074911557777e-15,3.896565135194244e-12,7.760548122899887e-09,-1.124907361620404e-15,-1.1249075115765742e-15,3.8965651393187075e-12,-1.1249075198215228e-15,3.896565262904366e-12,-1.1249075278910676e-15,3.896565138592651e-12,-1.1249074990579561e-15,-1.124907515970057e-15,-1.124907431685922e-15,-5.960783872386299e-19,3.896565150213679e-12,3.8965644393794265e-12,-1.1249074830820346e-15,3.896565150213679e-12,-5.930371496821212e-19,-1.1249075085957105e-15,3.89656512877054e-12,-1.124907481754011e-15,-1.124907581885666e-15,-1.124907433138777e-15,3.896565160893829e-12,3.896565160893829e-12,-1.1249074117185304e-15,3.896565152485813e-12,3.896565163585271e-12,-1.1249075082216383e-15,3.896565147126649e-12,3.896565128350194e-12,3.8965651547363314e-12,-3.877330562509505e-06,3.896565171623556e-12,-1.1249074275777837e-15,3.896565147126649e-12
1.0000163071024541,1.0000231493909204,3.896567266552482e-12,1.0000231493909295,1.0000231493909288,3.896565076044652e-12,3.896565093890177e-12,1.0000231493909304,1.0000231493909295,1.0000217527351216,1.000023149390929,1.0000231493909282,3.896564935637018e-12,1.0000231736540341,1.0000231493909297,1.0000224816581316,1.00002314939093,1.0000231493909308,4.0508805816766054e-12,1.0000231493909297,1.0000231493909297,1.0000231493909297,1.0000231493909286,3.8965648547364985e-12,4.176121810244286e-12,1.0000231493909297,1.0000231493909284,4.050880099095001e-12,1.000023149390929,1.0000231493909295,3.8965650304935845e-12,1.0000231493909297,1.0000217527351207,3.896564263777398e-12,3.89656512915506e-12,1.0000231493909297,3.896565176425095e-12,1.0000231736540341,3.896565341091738e-12,1.0000231493909315,3.8965651166527284e-12,3.896565215453144e-12,3.8965644348876144e-12,4.050880678560914e-12,1.000023149390928,1.0000230159196066,3.896564708825467e-12,1.0000231493909304,4.050880632842613e-12,3.896565133261556e-12,1.0000231493909295,3.896565162193008e-12,3.896565292919902e-12,3.8965648677201265e-12,1.0000231493909288,1.0000231493909295,3.89656445246556e-12,1.0000231493909302,1.000023149390929,3.89656522932394e-12,1.00002314939093,1.000023149390929,1.0000231493909297,3.896565171623556e-12,1.000019272060485,3.8965645150149226e-12,1.0000231493909286
2.73838064214137e-07,3.896564501869863e-12,-1.1249077892646043e-15,3.896564496178627e-12,3.896564505959165e-12,-1.1249074312560058e-15,-1.1249074237215677e-15,3.896564515676661e-12,3.8965645167957415e-12,7.760546819869779e-09,3.896564503161521e-12,3.896564479206231e-12,-1.1249074006601758e-15,3.8965646283269115e-12,3.896564507754768e-12,7.760554251128495e-09,3.896564507040963e-12,3.896564515237473e-12,-5.5752883040905e-19,3.896564528278332e-12,3.896564541284734e-12,3.8965645099944056e-12,3.896564504227713e-12,-1.1249073939974243e-15,-1.1923022558970164e-15,3.896564513081115e-12,3.896564515237473e-12,-6.07522355406156e-19,3.896564505437749e-12,3.8965645018374556e-12,-1.1249074200173002e-15,3.896564515688674e-12,7.760546819869894e-09,-1.1249072904819714e-15,-1.124907440438117e-15,3.896564503161521e-12,-1.1249074486830794e-15,3.8965645790891414e-12,-1.1249074567526224e-15,3.896564487786191e-12,-1.1249074279194956e-15,-1.1249074448315914e-15,-1.1249073605474466e-15,-5.960699978211267e-19,3.896564505406869e-12,3.8965638262594934e-12,-1.1249074119435896e-15,3.896564541284734e-12,-5.723634464657568e-19,-1.1249074374572633e-15,3.896564546636401e-12,-1.1249074106155456e-15,-1.1249075107472154e-15,-1.1249073620003375e-15,3.896564531385371e-12,3.896564477555784e-12,-1.1249073405800862e-15,3.896564501869863e-12,3.896564501276945e-12,-1.1249074370831953e-15,3.8965645150149226e-12,3.8965645018374556e-12,3.89656451357054e-12,-1.1249074275777837e-15,3.8965645150149226e-12,-3.877330563137345e-06,3.896564514432102e-12
1.0000163071024535,1.0000231493909182,3.896567248953814e-12,1.0000231493909277,1.0000231493909273,3.896565104296601e-12,3.896565108161403e-12,1.0000231493909282,1.000023149390928,1.0000217527351203,1.0000231493909277,1.0000231493909262,3.896564889306448e-12,1.0000231736540335,1.0000231493909273,1.0000224816581296,1.000023149390929,1.0000231493909295,4.050880567078391e-12,1.0000231493909286,1.0000231493909277,1.000023149390929,1.0000231493909288,3.89656489709282e-12,4.176121801334351e-12,1.000023149390929,1.0000231493909264,4.050880174483334e-12,1.0000231493909277,1.0000231493909277,3.896565058485552e-12,1.0000231493909282,1.0000217527351198,3.8965641986640295e-12,3.896565104728978e-12,1.0000231493909277,3.89656522245194e-12,1.0000231736540335,3.896565327265743e-12,1.0000231493909295,3.896565103486229e-12,3.896565209973905e-12,3.896564462102405e-12,4.050880658147078e-12,1.0000231493909277,1.000023015919606,3.896564685518787e-12,1.000023149390929,4.050880648438673e-12,3.896565120134256e-12,1.000023149390928,3.896565179842191e-12,3.8965653229142305e-12,3.8965648677201265e-12,1.0000231493909288,1.0000231493909282,3.896564415782962e-12,1.0000231493909277,1.000023149390927,3.896565250886173e-12,1.0000231493909277,1.0000231493909282,1.0000231493909282,3.896565147126649e-12,1.0000231493909286,3.896564514432102e-12,1.0000192720604797
